INSERT INTO `bidong`.`user` (`UserID`,`Username`,`Password`,`Email Address`) VALUES (000000000000001,'bling','1','bingling.dong@stonybrook.edu');
INSERT INTO `bidong`.`user` (`UserID`,`Username`,`Password`,`Email Address`) VALUES (000000000000002,'mmddyy','1','manyin.kwok@stonybrook.edu');
INSERT INTO `bidong`.`user` (`UserID`,`Username`,`Password`,`Email Address`) VALUES (000000000000003,'han`','1','han.liu.1@stonybrook.edu');
INSERT INTO `bidong`.`user` (`UserID`,`Username`,`Password`,`Email Address`) VALUES (000000000000004,'adsf23123','44444','cecilia.chapman@yahoo.com');
INSERT INTO `bidong`.`user` (`UserID`,`Username`,`Password`,`Email Address`) VALUES (000000000000005,'VashWriting','55555','calista.wise@gmail.com');
INSERT INTO `bidong`.`user` (`UserID`,`Username`,`Password`,`Email Address`) VALUES (000000000000006,'BooksBeat','66666','kyla.olsen@sbu.com');
INSERT INTO `bidong`.`user` (`UserID`,`Username`,`Password`,`Email Address`) VALUES (000000000000007,'bookBeat','77777','forrest@ray.com');
INSERT INTO `bidong`.`user` (`UserID`,`Username`,`Password`,`Email Address`) VALUES (000000000000008,'livetekah','88888','Hiroko.potter@ab.com');
INSERT INTO `bidong`.`user` (`UserID`,`Username`,`Password`,`Email Address`) VALUES (000000000000009,'roza','99999','nyssa.vazquez@gmail.com');
INSERT INTO `bidong`.`user` (`UserID`,`Username`,`Password`,`Email Address`) VALUES (000000000000010,'bling2','0','bingling.dong@ee.edu');
INSERT INTO `bidong`.`user` (`UserID`,`Username`,`Password`,`Email Address`) VALUES (000000000000011,'googleInc','googleIsTheBest','google@gmail.com');
INSERT INTO `bidong`.`user` (`UserID`,`Username`,`Password`,`Email Address`) VALUES (000000000000012,'ebayInc','wowEbay','ebay@gmail.com');
INSERT INTO `bidong`.`user` (`UserID`,`Username`,`Password`,`Email Address`) VALUES (000000000000013,'appleInc','youWantAnApple','apple@apple.com');
INSERT INTO `bidong`.`user` (`UserID`,`Username`,`Password`,`Email Address`) VALUES (000000000000014,'bananaInc','iLikeBananaMore','banana@clothes.com');
INSERT INTO `bidong`.`user` (`UserID`,`Username`,`Password`,`Email Address`) VALUES (000000000000015,'yahooInc','YOYahoo','yahoo@yahoo.com');
INSERT INTO `bidong`.`user` (`UserID`,`Username`,`Password`,`Email Address`) VALUES (000000000000016,'bingInc','becauseItsNotGoogle','bing@bing.com');
INSERT INTO `bidong`.`user` (`UserID`,`Username`,`Password`,`Email Address`) VALUES (000000000000017,'amazonInc','whatAmIDoingHere','amazon@amazing.com');
INSERT INTO `bidong`.`user` (`UserID`,`Username`,`Password`,`Email Address`) VALUES (000000000000018,'taobaoInc','???????','taobao@taobao.com');
INSERT INTO `bidong`.`user` (`UserID`,`Username`,`Password`,`Email Address`) VALUES (000000000000019,'alibabaInc','cantThinkOfAny','alibaba@mayun.com');
INSERT INTO `bidong`.`user` (`UserID`,`Username`,`Password`,`Email Address`) VALUES (000000000000020,'abcInc','00000','abc@gmail.com');


INSERT INTO `bidong`.`seller` (`SellerID`, `Company Name`,`Street Address Line 1`,`Street Address Line 2`,`City`,`State/Province/Region`,`Country`,`Zip Code`,`Phone Number`, `Description`) VALUES ('000000000000011', 'musicMagpie','1599 Curabitur Rd.',NULL,'Ciara','NC','USA','13251','6316329999', 'musicMagpie is one of Sahara’s most popular and trusted sellers. Save money on our huge range of tech,music, film, games and books at amazing prices.');
INSERT INTO `bidong`.`seller` (`SellerID`, `Company Name`,`Street Address Line 1`,`Street Address Line 2`,`City`,`State/Province/Region`,`Country`,`Zip Code`,`Phone Number`, `Description`) VALUES ('000000000000012', 'World of Books','1599 Curabitur Rd.',NULL,'Ciara','NC','USA','13251','6316329999', 'World of Books is the US’s largest seller of used books online. We sell quality used books as well as CDs and DVDs at competitive prices. We are a circular economy, for profit company that supports charities.');
INSERT INTO `bidong`.`seller` (`SellerID`, `Company Name`,`Street Address Line 1`,`Street Address Line 2`,`City`,`State/Province/Region`,`Country`,`Zip Code`,`Phone Number`, `Description`) VALUES ('000000000000013', 'Smarter Phone','1599 Curabitur Rd.',NULL,'Ciara','NC','USA','13251','6316329999', 'Smarter Phone is a leading technology company in the mobile phone life-cycle industry. Our success is primarily due to our high-quality standards on our products, and our commitment to always provide the best service to our customers.');
INSERT INTO `bidong`.`seller` (`SellerID`, `Company Name`,`Street Address Line 1`,`Street Address Line 2`,`City`,`State/Province/Region`,`Country`,`Zip Code`,`Phone Number`, `Description`) VALUES ('000000000000014', 'Galaxy Trade','1599 Curabitur Rd.',NULL,'Ciara','NC','USA','13251','6316329999', 'Galaxy Trade is dedicated to provide you best marketplace with an online shopping experience that is easy and convenient at amazingly affordable prices with quality products to our valued customers.');
INSERT INTO `bidong`.`seller` (`SellerID`, `Company Name`,`Street Address Line 1`,`Street Address Line 2`,`City`,`State/Province/Region`,`Country`,`Zip Code`,`Phone Number`, `Description`) VALUES ('000000000000015', 'Tek Replay','1599 Curabitur Rd.',NULL,'Ciara','NC','USA','13251','6316329999', 'Based in United States, Tek Replay has been an Sahara member since Aug 12, 2001');
INSERT INTO `bidong`.`seller` (`SellerID`, `Company Name`,`Street Address Line 1`,`Street Address Line 2`,`City`,`State/Province/Region`,`Country`,`Zip Code`,`Phone Number`, `Description`) VALUES ('000000000000016', 'Alabama Instruments','1599 Curabitur Rd.',NULL,'Ciara','NC','USA','13251','6316329999', 'Based in United States, Alabama Instruments has been an Sahara member since Feb 27, 2005');
INSERT INTO `bidong`.`seller` (`SellerID`, `Company Name`,`Street Address Line 1`,`Street Address Line 2`,`City`,`State/Province/Region`,`Country`,`Zip Code`,`Phone Number`, `Description`) VALUES ('000000000000017', 'SWNTLN','1599 Curabitur Rd.',NULL,'Ciara','NC','USA','13251','6316329999', 'Selling items from our family and also some surplus items we run across. Working hard to provide you high quality and sometimes hard to find items with great service. We will tell you exactly what we are selling. We want you to be satisfied for sure');
INSERT INTO `bidong`.`seller` (`SellerID`, `Company Name`,`Street Address Line 1`,`Street Address Line 2`,`City`,`State/Province/Region`,`Country`,`Zip Code`,`Phone Number`, `Description`) VALUES ('000000000000018', 'Fish Comics','1599 Curabitur Rd.',NULL,'Ciara','NC','USA','13251','6316329999', 'I have been collecting comics since 1975. Since then I have expanded into selling comics. I did shows in the early 1990''s and opened a store Blue Chip Comics in 1993. I started selling on-line in 1995. I still sell on-line www.fishsaucecomics.com');
INSERT INTO `bidong`.`seller` (`SellerID`, `Company Name`,`Street Address Line 1`,`Street Address Line 2`,`City`,`State/Province/Region`,`Country`,`Zip Code`,`Phone Number`, `Description`) VALUES ('000000000000019', 'Get Import CDs','1599 Curabitur Rd.',NULL,'Ciara','NC','USA','13251','6316329999', 'We love Music, and want to share this love with you!');
INSERT INTO `bidong`.`seller` (`SellerID`, `Company Name`,`Street Address Line 1`,`Street Address Line 2`,`City`,`State/Province/Region`,`Country`,`Zip Code`,`Phone Number`, `Description`) VALUES ('000000000000020', 'Discover Books','1599 Curabitur Rd.',NULL,'Ciara','NC','USA','13251','6316329999', 'Discover Books was among the first of its kind to harness the potential of the used book market to redistribute used books to local communities and on a national scale. We offer some of the lowest prices available online.');


INSERT INTO `bidong`.`customer` (`CustomerID`, `First Name`, `Last Name`, `Middle Name`,`Street Address Line 1`,`Street Address Line 2`,`City`,`State/Province/Region`,`Country`,`Zip Code`,`Phone Number`) VALUES ('000000000000001', 'Cecilia', 'Chapman', 'Sea','711 Nulla St.',NULL,'Mankato','Mississippi','USA','96522','2575637401');
INSERT INTO `bidong`.`customer` (`CustomerID`, `First Name`, `Last Name`,`Street Address Line 1`,`Street Address Line 2`,`City`,`State/Province/Region`,`Country`,`Zip Code`,`Phone Number`) VALUES ('000000000000002', 'Iris', 'Watson','8998 Fusce Rd.','PO Box 283 ','Frederick ','Nebraska','USA','20620','9173368797');
INSERT INTO `bidong`.`customer` (`CustomerID`, `First Name`, `Last Name`, `Middle Name`,`Street Address Line 1`,`Street Address Line 2`,`City`,`State/Province/Region`,`Country`,`Zip Code`,`Phone Number`) VALUES ('000000000000003', 'Celeste', 'Slater', 'Shan','606 Ullamcorper St',NULL,'Roseville ','NH','USA','11523','6469098975');
INSERT INTO `bidong`.`customer` (`CustomerID`, `First Name`, `Last Name`, `Middle Name`,`Street Address Line 1`,`Street Address Line 2`,`City`,`State/Province/Region`,`Country`,`Zip Code`,`Phone Number`) VALUES ('000000000000004', 'Theodore', 'Iowe', 'Marry','8989 43th St',NULL,'Brooklyn','NY','USA','11228','3523336786');
INSERT INTO `bidong`.`customer` (`CustomerID`, `First Name`, `Last Name`,`Street Address Line 1`,`Street Address Line 2`,`City`,`State/Province/Region`,`Country`,`Zip Code`,`Phone Number`) VALUES ('000000000000005', 'Calista', 'Wise','7292 Dictum Av.','FL1',' San Antonio','MI','USA','47096','6316323333');
INSERT INTO `bidong`.`customer` (`CustomerID`, `First Name`, `Last Name`,`Street Address Line 1`,`Street Address Line 2`,`City`,`State/Province/Region`,`Country`,`Zip Code`,`Phone Number`) VALUES ('000000000000006', 'Kyla', 'Olsen','511 At Rd.',NULL,'Chelsea','MI','USA','67708','6316327777');
INSERT INTO `bidong`.`customer` (`CustomerID`, `First Name`, `Last Name`,`Street Address Line 1`,`Street Address Line 2`,`City`,`State/Province/Region`,`Country`,`Zip Code`,`Phone Number`) VALUES ('000000000000007', 'Forrest', 'Ray','125 Dictum Rd.','APT A','Lebanon','KY','USA','69409','6316328888');
INSERT INTO `bidong`.`customer` (`CustomerID`, `First Name`, `Last Name`,`Street Address Line 1`,`Street Address Line 2`,`City`,`State/Province/Region`,`Country`,`Zip Code`,`Phone Number`) VALUES ('000000000000008', 'Hiroko', 'Potter','1599 Curabitur Rd.',NULL,'Ciara','NC','USA','13251','6316329999');
INSERT INTO `bidong`.`customer` (`CustomerID`, `First Name`, `Last Name`,`Street Address Line 1`,`Street Address Line 2`,`City`,`State/Province/Region`,`Country`,`Zip Code`,`Phone Number`) VALUES ('000000000000009', 'Nyssa', 'Vazquez','666 Lacinia Ave',NULL,'Abalas','MA','USA','32613','6316326666');
INSERT INTO `bidong`.`customer` (`CustomerID`, `First Name`, `Last Name`, `Middle Name`,`Street Address Line 1`,`Street Address Line 2`,`City`,`State/Province/Region`,`Country`,`Zip Code`,`Phone Number`) VALUES ('000000000000010', 'Chole', 'Zheng', 'Apple','557 Lacinia Road',NULL,'Pabbaly','PA','USA','54311','6316321111');
INSERT INTO `bidong`.`customer` (`CustomerID`, `First Name`, `Last Name`, `Middle Name`,`Street Address Line 1`,`Street Address Line 2`,`City`,`State/Province/Region`,`Country`,`Zip Code`,`Phone Number`) VALUES ('000000000000011', 'Cindy', 'Walker', 'Banana','888 Google Rd, Long Island NY 12204',NULL,'Long Island','NY','USA','12204','8008888888');
INSERT INTO `bidong`.`customer` (`CustomerID`, `First Name`, `Last Name`,`Street Address Line 1`,`Street Address Line 2`,`City`,`State/Province/Region`,`Country`,`Zip Code`,`Phone Number`) VALUES ('000000000000012', 'Alan', 'Tucker','789 ebay Rd',NULL,'Long Island','NY','USA','12022','8001111111');
INSERT INTO `bidong`.`customer` (`CustomerID`, `First Name`, `Last Name`, `Middle Name`,`Street Address Line 1`,`Street Address Line 2`,`City`,`State/Province/Region`,`Country`,`Zip Code`,`Phone Number`) VALUES ('000000000000013', 'Stark', 'Orange', 'Pineapple','123 Apple Rd',NULL,'Long Island','NY','USA',NULL,'8002222222');
INSERT INTO `bidong`.`customer` (`CustomerID`, `First Name`, `Last Name`, `Middle Name`,`Street Address Line 1`,`Street Address Line 2`,`City`,`State/Province/Region`,`Country`,`Zip Code`,`Phone Number`) VALUES ('000000000000014', 'Esmaili', 'Straw', 'Barry','987 Banana Rd',NULL,'Long Island','NY','USA',NULL,'8008882929');
INSERT INTO `bidong`.`customer` (`CustomerID`, `First Name`, `Last Name`,`Street Address Line 1`,`Street Address Line 2`,`City`,`State/Province/Region`,`Country`,`Zip Code`,`Phone Number`) VALUES ('000000000000015', 'Mckenna', 'Piazza','444 Yahoo Rd',NULL,'Long Island','NY','USA',NULL,'8007777777');
INSERT INTO `bidong`.`customer` (`CustomerID`, `First Name`, `Last Name`,`Street Address Line 1`,`Street Address Line 2`,`City`,`State/Province/Region`,`Country`,`Zip Code`,`Phone Number`) VALUES ('000000000000016', 'McDonnell', 'Kind','777 Bing Rd',NULL,'Long Island','NY','USA',NULL,'6316321111');
INSERT INTO `bidong`.`customer` (`CustomerID`, `First Name`, `Last Name`,`Street Address Line 1`,`Street Address Line 2`,`City`,`State/Province/Region`,`Country`,`Zip Code`,`Phone Number`) VALUES ('000000000000017', 'Kevin', 'Lin','887 Amazon Rd',NULL,'Long Island','NY','USA',NULL,'8003332333');
INSERT INTO `bidong`.`customer` (`CustomerID`, `First Name`, `Last Name`,`Street Address Line 1`,`Street Address Line 2`,`City`,`State/Province/Region`,`Country`,`Zip Code`,`Phone Number`) VALUES ('000000000000018', 'Di', 'Wang','666 Taobao Rd',NULL,'Long Island','NY','USA',NULL,'8002228888');
INSERT INTO `bidong`.`customer` (`CustomerID`, `First Name`, `Last Name`,`Street Address Line 1`,`Street Address Line 2`,`City`,`State/Province/Region`,`Country`,`Zip Code`,`Phone Number`) VALUES ('000000000000019', 'Blue', 'Berry','999 Alibaba Rd',NULL,'Long Island','NY','USA',NULL,'8002345678');
INSERT INTO `bidong`.`customer` (`CustomerID`, `First Name`, `Last Name`, `Middle Name`,`Street Address Line 1`,`Street Address Line 2`,`City`,`State/Province/Region`,`Country`,`Zip Code`,`Phone Number`) VALUES ('000000000000020', 'Water', 'Mellon', 'PineappleII','908 Abc Road',NULL,'Long Island','NY','USA',NULL,'8000000000');


INSERT INTO `bidong`.`shopping cart` (`ShoppingCart Id`, `Total Price`) VALUES ('000000000000001', 0.00);
INSERT INTO `bidong`.`shopping cart` (`ShoppingCart Id`, `Total Price`) VALUES ('000000000000002', 0.00);
INSERT INTO `bidong`.`shopping cart` (`ShoppingCart Id`, `Total Price`) VALUES ('000000000000003', 0.00);
INSERT INTO `bidong`.`shopping cart` (`ShoppingCart Id`, `Total Price`) VALUES ('000000000000004', 0.00);
INSERT INTO `bidong`.`shopping cart` (`ShoppingCart Id`, `Total Price`) VALUES ('000000000000005', 0.00);
INSERT INTO `bidong`.`shopping cart` (`ShoppingCart Id`, `Total Price`) VALUES ('000000000000006', 0.00);
INSERT INTO `bidong`.`shopping cart` (`ShoppingCart Id`, `Total Price`) VALUES ('000000000000007', 0.00);
INSERT INTO `bidong`.`shopping cart` (`ShoppingCart Id`, `Total Price`) VALUES ('000000000000008', 0.00);
INSERT INTO `bidong`.`shopping cart` (`ShoppingCart Id`, `Total Price`) VALUES ('000000000000009', 0.00);
INSERT INTO `bidong`.`shopping cart` (`ShoppingCart Id`, `Total Price`) VALUES ('000000000000010', 0.00);
INSERT INTO `bidong`.`shopping cart` (`ShoppingCart Id`, `Total Price`) VALUES ('000000000000011', 0.00);
INSERT INTO `bidong`.`shopping cart` (`ShoppingCart Id`, `Total Price`) VALUES ('000000000000012', 0.00);
INSERT INTO `bidong`.`shopping cart` (`ShoppingCart Id`, `Total Price`) VALUES ('000000000000013', 0.00);
INSERT INTO `bidong`.`shopping cart` (`ShoppingCart Id`, `Total Price`) VALUES ('000000000000014', 0.00);
INSERT INTO `bidong`.`shopping cart` (`ShoppingCart Id`, `Total Price`) VALUES ('000000000000015', 0.00);
INSERT INTO `bidong`.`shopping cart` (`ShoppingCart Id`, `Total Price`) VALUES ('000000000000016', 0.00);
INSERT INTO `bidong`.`shopping cart` (`ShoppingCart Id`, `Total Price`) VALUES ('000000000000017', 0.00);
INSERT INTO `bidong`.`shopping cart` (`ShoppingCart Id`, `Total Price`) VALUES ('000000000000018', 0.00);
INSERT INTO `bidong`.`shopping cart` (`ShoppingCart Id`, `Total Price`) VALUES ('000000000000019', 0.00);
INSERT INTO `bidong`.`shopping cart` (`ShoppingCart Id`, `Total Price`) VALUES ('000000000000020', 0.00);

INSERT INTO `bidong`.`payment` (`PaymentId`,`Credit Card Number`,`Expiry Date`,`Payment Type`,`CardHolder's Firstname`,`CardHolder's Lastname`,`Street Address Line 1`,`Street Address Line 2`,`City`,`State/Province/Region`,`Country`,`Zip Code`) VALUES (000000000000001,'9876473829109374','2020-04-30','VISA','Cecilia','Chapman','6059 Sollicitudin Road',NULL,'Burlingame ','Colorado ','USA','26278');
INSERT INTO `bidong`.`payment` (`PaymentId`,`Credit Card Number`,`Expiry Date`,`Payment Type`,`CardHolder's Firstname`,`CardHolder's Lastname`,`Street Address Line 1`,`Street Address Line 2`,`City`,`State/Province/Region`,`Country`,`Zip Code`) VALUES (000000000000002,'378282246310005','2022-05-31','AMERICAN EXPRESS','Iris','Watson','1379 Nulla. Av.',NULL,'Asbury Park','Montana ','USA','69679');
INSERT INTO `bidong`.`payment` (`PaymentId`,`Credit Card Number`,`Expiry Date`,`Payment Type`,`CardHolder's Firstname`,`CardHolder's Lastname`,`Street Address Line 1`,`Street Address Line 2`,`City`,`State/Province/Region`,`Country`,`Zip Code`) VALUES (000000000000003,'6574736283930126','2019-10-31','VISA','Cecilia','Slater','2410 Odio Avenue','P.O. Box 120','Pass Christian','Delaware ','USA','03869');
INSERT INTO `bidong`.`payment` (`PaymentId`,`Credit Card Number`,`Expiry Date`,`Payment Type`,`CardHolder's Firstname`,`CardHolder's Lastname`,`Street Address Line 1`,`Street Address Line 2`,`City`,`State/Province/Region`,`Country`,`Zip Code`) VALUES (000000000000004,'4111111111111111','2020-08-31','VISA','Theodore','Iowe','7014 Amet Street','P.O. Box 686','Corona','Oklahoma ','USA','55246');
INSERT INTO `bidong`.`payment` (`PaymentId`,`Credit Card Number`,`Expiry Date`,`Payment Type`,`CardHolder's Firstname`,`CardHolder's Lastname`,`Street Address Line 1`,`Street Address Line 2`,`City`,`State/Province/Region`,`Country`,`Zip Code`) VALUES (000000000000005,'8829829384719203','2020-08-31','MASTERCARD','Calista','Wise','4764 Sed Road','P.O. Box 547','Grand Rapids','CT ','USA','87323');
INSERT INTO `bidong`.`payment` (`PaymentId`,`Credit Card Number`,`Expiry Date`,`Payment Type`,`CardHolder's Firstname`,`CardHolder's Lastname`,`Street Address Line 1`,`Street Address Line 2`,`City`,`State/Province/Region`,`Country`,`Zip Code`) VALUES (000000000000006,'371449635398431','2021-08-31','AMERICAN EXPRESS','Kyla','Olsen','427-5827 Ac St.',NULL,'Schaumburg ','Arkansas','USA','84872');
INSERT INTO `bidong`.`payment` (`PaymentId`,`Credit Card Number`,`Expiry Date`,`Payment Type`,`CardHolder's Firstname`,`CardHolder's Lastname`,`Street Address Line 1`,`Street Address Line 2`,`City`,`State/Province/Region`,`Country`,`Zip Code`) VALUES (000000000000007,'9182538646323456','2021-07-31','DISCOVER','Forrest','Ray','754-6427 Nunc Ave',NULL,'Kennewick ','AL','USA','41329');
INSERT INTO `bidong`.`payment` (`PaymentId`,`Credit Card Number`,`Expiry Date`,`Payment Type`,`CardHolder's Firstname`,`CardHolder's Lastname`,`Street Address Line 1`,`Street Address Line 2`,`City`,`State/Province/Region`,`Country`,`Zip Code`) VALUES (000000000000008,'0902764937890123','2020-12-31','DISCOVER','Hiroko','Potter','Metus Road','Ap #345-3847','Independence','CO ','USA','30135');
INSERT INTO `bidong`.`payment` (`PaymentId`,`Credit Card Number`,`Expiry Date`,`Payment Type`,`CardHolder's Firstname`,`CardHolder's Lastname`,`Street Address Line 1`,`Street Address Line 2`,`City`,`State/Province/Region`,`Country`,`Zip Code`) VALUES (000000000000009,'8888666633335555','2019-11-30','MASTERCARD','Nyssa','Vazquez','9561 Lacus. Road','P.O. Box 558','Laughlin ','Hawaii ','USA','99602');
INSERT INTO `bidong`.`payment` (`PaymentId`,`Credit Card Number`,`Expiry Date`,`Payment Type`,`CardHolder's Firstname`,`CardHolder's Lastname`,`Street Address Line 1`,`Street Address Line 2`,`City`,`State/Province/Region`,`Country`,`Zip Code`) VALUES (000000000000010,'9152739465097666','2021-09-30','VISA','Chole','Zheng','Ipsum Avenue','Ap #364-2006','Wilmington','Ohio ','USA','91750');
INSERT INTO `bidong`.`payment` (`PaymentId`,`Credit Card Number`,`Expiry Date`,`Payment Type`,`CardHolder's Firstname`,`CardHolder's Lastname`,`Street Address Line 1`,`Street Address Line 2`,`City`,`State/Province/Region`,`Country`,`Zip Code`) VALUES (000000000000011,'9876473829109374','2020-04-30','VISA','Cindy','Walker','6059 Sollicitudin Road',NULL,'Burlingame ','Colorado ','USA','26278');
INSERT INTO `bidong`.`payment` (`PaymentId`,`Credit Card Number`,`Expiry Date`,`Payment Type`,`CardHolder's Firstname`,`CardHolder's Lastname`,`Street Address Line 1`,`Street Address Line 2`,`City`,`State/Province/Region`,`Country`,`Zip Code`) VALUES (000000000000012,'378282246310005','2022-05-31','AMERICAN EXPRESS','Alan','Tucker','1379 Nulla. Av.',NULL,'Asbury Park','Montana ','USA','69679');
INSERT INTO `bidong`.`payment` (`PaymentId`,`Credit Card Number`,`Expiry Date`,`Payment Type`,`CardHolder's Firstname`,`CardHolder's Lastname`,`Street Address Line 1`,`Street Address Line 2`,`City`,`State/Province/Region`,`Country`,`Zip Code`) VALUES (000000000000013,'6574736283930126','2019-10-31','VISA','Stark','Orange','2410 Odio Avenue','P.O. Box 120','Pass Christian','Delaware ','USA','03869');
INSERT INTO `bidong`.`payment` (`PaymentId`,`Credit Card Number`,`Expiry Date`,`Payment Type`,`CardHolder's Firstname`,`CardHolder's Lastname`,`Street Address Line 1`,`Street Address Line 2`,`City`,`State/Province/Region`,`Country`,`Zip Code`) VALUES (000000000000014,'4111111111111111','2020-08-31','VISA','Esmaili','Straw','7014 Amet Street','P.O. Box 686','Corona','Oklahoma ','USA','55246');
INSERT INTO `bidong`.`payment` (`PaymentId`,`Credit Card Number`,`Expiry Date`,`Payment Type`,`CardHolder's Firstname`,`CardHolder's Lastname`,`Street Address Line 1`,`Street Address Line 2`,`City`,`State/Province/Region`,`Country`,`Zip Code`) VALUES (000000000000015,'8829829384719203','2020-08-31','MASTERCARD','Mckenna','Piazza','4764 Sed Road','P.O. Box 547','Grand Rapids','CT ','USA','87323');
INSERT INTO `bidong`.`payment` (`PaymentId`,`Credit Card Number`,`Expiry Date`,`Payment Type`,`CardHolder's Firstname`,`CardHolder's Lastname`,`Street Address Line 1`,`Street Address Line 2`,`City`,`State/Province/Region`,`Country`,`Zip Code`) VALUES (000000000000016,'371449635398431','2021-08-31','AMERICAN EXPRESS','McDonnell','Kind','427-5827 Ac St.',NULL,'Schaumburg ','Arkansas','USA','84872');
INSERT INTO `bidong`.`payment` (`PaymentId`,`Credit Card Number`,`Expiry Date`,`Payment Type`,`CardHolder's Firstname`,`CardHolder's Lastname`,`Street Address Line 1`,`Street Address Line 2`,`City`,`State/Province/Region`,`Country`,`Zip Code`) VALUES (000000000000017,'9182538646323456','2021-07-31','DISCOVER','Kevin','Lin','754-6427 Nunc Ave',NULL,'Kennewick ','AL','USA','41329');
INSERT INTO `bidong`.`payment` (`PaymentId`,`Credit Card Number`,`Expiry Date`,`Payment Type`,`CardHolder's Firstname`,`CardHolder's Lastname`,`Street Address Line 1`,`Street Address Line 2`,`City`,`State/Province/Region`,`Country`,`Zip Code`) VALUES (000000000000018,'0902764937890123','2020-12-31','DISCOVER','Di','Wang','Metus Road','Ap #345-3847','Independence','CO ','USA','30135');
INSERT INTO `bidong`.`payment` (`PaymentId`,`Credit Card Number`,`Expiry Date`,`Payment Type`,`CardHolder's Firstname`,`CardHolder's Lastname`,`Street Address Line 1`,`Street Address Line 2`,`City`,`State/Province/Region`,`Country`,`Zip Code`) VALUES (000000000000019,'8888666633335555','2019-11-30','MASTERCARD','Blue','Berry','9561 Lacus. Road','P.O. Box 558','Laughlin ','Hawaii ','USA','99602');
INSERT INTO `bidong`.`payment` (`PaymentId`,`Credit Card Number`,`Expiry Date`,`Payment Type`,`CardHolder's Firstname`,`CardHolder's Lastname`,`Street Address Line 1`,`Street Address Line 2`,`City`,`State/Province/Region`,`Country`,`Zip Code`) VALUES (000000000000020,'9152739465097666','2021-09-30','VISA','Water','Mellon','Ipsum Avenue','Ap #364-2006','Wilmington','Ohio ','USA','91750');

INSERT INTO `bidong`.`warehouse` (`Warehouse ID`, `Phone Number`, `Street Address Line 1`, `Street Address Line 2`, `City`, `State/Province/Region`, `Country`, `Zip Code`) VALUES ('11111', '7181234567', '4978 Sit St', 'P.O. Box 262', 'Flushing', 'NY', 'USA', '11513');

INSERT INTO `bidong`.`seller review` (`Seller Article ID`, `Rating`, `Detail`) VALUES ('000000000000001', '5', 'The item was superb and good. Immensely pleasing packaging. Delivery was superb. Item is of first-rate quality.');
INSERT INTO `bidong`.`seller review` (`Seller Article ID`, `Rating`, `Detail`) VALUES ('000000000000002', '2', 'Slow to send. Wouldn\'t buy from again. ');
INSERT INTO `bidong`.`seller review` (`Seller Article ID`, `Rating`, `Detail`) VALUES ('000000000000003', '3', 'Delivery was exceptionally speedy. Lovely packaging. Item good!');
INSERT INTO `bidong`.`seller review` (`Seller Article ID`, `Rating`, `Detail`) VALUES ('000000000000004', '5', 'Wonderful packaging. Delivery was notably speedy. Item is of superior quality. Exceptionally speedy dispatch.');
INSERT INTO `bidong`.`seller review` (`Seller Article ID`, `Rating`, `Detail`) VALUES ('000000000000005', '5', 'Excellent packaging. Item was of the most fantastic quality. Quick delivery.');
INSERT INTO `bidong`.`seller review` (`Seller Article ID`, `Rating`, `Detail`) VALUES ('000000000000006', '4', 'The item was outstanding. Swift to send. Packaging was good.');
INSERT INTO `bidong`.`seller review` (`Seller Article ID`, `Rating`, `Detail`) VALUES ('000000000000007', '3', 'Pleasing packaging. Swift delivery. Recommended.');
INSERT INTO `bidong`.`seller review` (`Seller Article ID`, `Rating`, `Detail`) VALUES ('000000000000008', '3', 'Quality of item was fine. Swift delivery. Packaging was prime. ');
INSERT INTO `bidong`.`seller review` (`Seller Article ID`, `Rating`, `Detail`) VALUES ('000000000000009', '5', 'High-standard packaging. Item is of first-rate quality! Speedy to send.');
INSERT INTO `bidong`.`seller review` (`Seller Article ID`, `Rating`, `Detail`) VALUES ('000000000000010', '5', 'Quality of the wrapping was good. Item was of superb quality. Good delivery. The packaging was notably marvelous.');

INSERT INTO `bidong`.`item review` (`Item Article ID`,`Rating`,`Detail`) VALUES (000000000000001,5,'These are comfortable, breathable, and stay on until you want them to come off. I use these in all my first aid kits and am very pleased.');
INSERT INTO `bidong`.`item review` (`Item Article ID`,`Rating`,`Detail`) VALUES (000000000000002,4,'This is a very good bandage that stays on no matter what! In fact it is so hard to take off and leaves a sticky residue.');
INSERT INTO `bidong`.`item review` (`Item Article ID`,`Rating`,`Detail`) VALUES (000000000000003,4,'Works well on cats who will tolerate being given a bath. Unlike dogs, most cats hate water and think they are being tortured if you try to bathe them. Hopefully you are lucky in that regard.');
INSERT INTO `bidong`.`item review` (`Item Article ID`,`Rating`,`Detail`) VALUES (000000000000004,5,'You don\'t know how really happy I am about this product! I just used this roller on my other bed for less than 2 minutes and look how well it worked!! You don\'t even need to press, just move it gently and it will do its work!! REALLY recommended!');
INSERT INTO `bidong`.`item review` (`Item Article ID`,`Rating`,`Detail`) VALUES (000000000000005,5,'I haven’t noticed any problems of any kind. It’s nicely made and even though some don’t like the foot pedal, I think it’s my favorite part of the entire kit. ');
INSERT INTO `bidong`.`item review` (`Item Article ID`,`Rating`,`Detail`) VALUES (000000000000006,3,'The performance of the litter is great, but the scent became pretty intolerable for me.');
INSERT INTO `bidong`.`item review` (`Item Article ID`,`Rating`,`Detail`) VALUES (000000000000007,5,'As an intermediate pianist, I wanted a piano with a variety of voices for music production purposes, a headphone/sustain pedal port, and realistic piano sound. This nailed all of the above.');
INSERT INTO `bidong`.`item review` (`Item Article ID`,`Rating`,`Detail`) VALUES (000000000000008,5,'I love it!!');
INSERT INTO `bidong`.`item review` (`Item Article ID`,`Rating`,`Detail`) VALUES (000000000000009,4,'This is an excellent smart device with one major flaw that makes it unbearable.');
INSERT INTO `bidong`.`item review` (`Item Article ID`,`Rating`,`Detail`) VALUES (000000000000010,3,'It has made my life easier.');

INSERT INTO `bidong`.`employee` (`Employee ID`, `Date Join`, `Designation/Role`) VALUES ('000000000000001', '2017-05-12', 'Software Developer');
INSERT INTO `bidong`.`employee` (`Employee ID`, `Date Join`, `Designation/Role`) VALUES ('000000000000002', '2008-03-16', 'Shipment Handler');
INSERT INTO `bidong`.`employee` (`Employee ID`, `Date Join`, `Designation/Role`) VALUES ('000000000000003', '2018-07-01', 'Data Scientist');
INSERT INTO `bidong`.`employee` (`Employee ID`, `Date Join`, `Designation/Role`) VALUES ('000000000000004', '2013-05-20', 'Data Engineer');
INSERT INTO `bidong`.`employee` (`Employee ID`, `Date Join`, `Designation/Role`) VALUES ('000000000000005', '2017-05-10', 'Manager');
INSERT INTO `bidong`.`employee` (`Employee ID`, `Date Join`, `Designation/Role`) VALUES ('000000000000006', '2012-12-23', 'SWS');
INSERT INTO `bidong`.`employee` (`Employee ID`, `Date Join`, `Designation/Role`) VALUES ('000000000000007', '2013-07-15', 'Managerr');
INSERT INTO `bidong`.`employee` (`Employee ID`, `Date Join`, `Designation/Role`) VALUES ('000000000000008', '2016-01-20', 'Alexa');
INSERT INTO `bidong`.`employee` (`Employee ID`, `Date Join`, `Designation/Role`) VALUES ('000000000000009', '2015-10-15', 'Shipment Handler');
INSERT INTO `bidong`.`employee` (`Employee ID`, `Date Join`, `Designation/Role`) VALUES ('000000000000010', '2012-02-10', 'SWS');

INSERT INTO `bidong`.`customer saves payment` (`CustomerId`, `PaymentId`) VALUES ('000000000000001', '000000000000001');
INSERT INTO `bidong`.`customer saves payment` (`CustomerId`, `PaymentId`) VALUES ('000000000000002', '000000000000002');
INSERT INTO `bidong`.`customer saves payment` (`CustomerId`, `PaymentId`) VALUES ('000000000000003', '000000000000003');
INSERT INTO `bidong`.`customer saves payment` (`CustomerId`, `PaymentId`) VALUES ('000000000000004', '000000000000004');
INSERT INTO `bidong`.`customer saves payment` (`CustomerId`, `PaymentId`) VALUES ('000000000000005', '000000000000005');
INSERT INTO `bidong`.`customer saves payment` (`CustomerId`, `PaymentId`) VALUES ('000000000000006', '000000000000006');
INSERT INTO `bidong`.`customer saves payment` (`CustomerId`, `PaymentId`) VALUES ('000000000000007', '000000000000007');
INSERT INTO `bidong`.`customer saves payment` (`CustomerId`, `PaymentId`) VALUES ('000000000000008', '000000000000008');
INSERT INTO `bidong`.`customer saves payment` (`CustomerId`, `PaymentId`) VALUES ('000000000000009', '000000000000009');
INSERT INTO `bidong`.`customer saves payment` (`CustomerId`, `PaymentId`) VALUES ('000000000000010', '000000000000010');
INSERT INTO `bidong`.`customer saves payment` (`CustomerId`, `PaymentId`) VALUES ('000000000000001', '000000000000020');
INSERT INTO `bidong`.`customer saves payment` (`CustomerId`, `PaymentId`) VALUES ('000000000000002', '000000000000011');
INSERT INTO `bidong`.`customer saves payment` (`CustomerId`, `PaymentId`) VALUES ('000000000000003', '000000000000012');
INSERT INTO `bidong`.`customer saves payment` (`CustomerId`, `PaymentId`) VALUES ('000000000000004', '000000000000013');
INSERT INTO `bidong`.`customer saves payment` (`CustomerId`, `PaymentId`) VALUES ('000000000000005', '000000000000014');
INSERT INTO `bidong`.`customer saves payment` (`CustomerId`, `PaymentId`) VALUES ('000000000000006', '000000000000015');
INSERT INTO `bidong`.`customer saves payment` (`CustomerId`, `PaymentId`) VALUES ('000000000000007', '000000000000016');
INSERT INTO `bidong`.`customer saves payment` (`CustomerId`, `PaymentId`) VALUES ('000000000000008', '000000000000017');
INSERT INTO `bidong`.`customer saves payment` (`CustomerId`, `PaymentId`) VALUES ('000000000000009', '000000000000018');
INSERT INTO `bidong`.`customer saves payment` (`CustomerId`, `PaymentId`) VALUES ('000000000000010', '000000000000019');

INSERT INTO `bidong`.`customer owns shopping cart` (`Customer Id`, `ShoppingCart Id`) VALUES ('000000000000001', '000000000000001');
INSERT INTO `bidong`.`customer owns shopping cart` (`Customer Id`, `ShoppingCart Id`) VALUES ('000000000000002', '000000000000002');
INSERT INTO `bidong`.`customer owns shopping cart` (`Customer Id`, `ShoppingCart Id`) VALUES ('000000000000003', '000000000000003');
INSERT INTO `bidong`.`customer owns shopping cart` (`Customer Id`, `ShoppingCart Id`) VALUES ('000000000000004', '000000000000004');
INSERT INTO `bidong`.`customer owns shopping cart` (`Customer Id`, `ShoppingCart Id`) VALUES ('000000000000005', '000000000000005');
INSERT INTO `bidong`.`customer owns shopping cart` (`Customer Id`, `ShoppingCart Id`) VALUES ('000000000000006', '000000000000006');
INSERT INTO `bidong`.`customer owns shopping cart` (`Customer Id`, `ShoppingCart Id`) VALUES ('000000000000007', '000000000000007');
INSERT INTO `bidong`.`customer owns shopping cart` (`Customer Id`, `ShoppingCart Id`) VALUES ('000000000000008', '000000000000008');
INSERT INTO `bidong`.`customer owns shopping cart` (`Customer Id`, `ShoppingCart Id`) VALUES ('000000000000009', '000000000000009');
INSERT INTO `bidong`.`customer owns shopping cart` (`Customer Id`, `ShoppingCart Id`) VALUES ('000000000000010', '000000000000010');
INSERT INTO `bidong`.`customer owns shopping cart` (`Customer Id`, `ShoppingCart Id`) VALUES ('000000000000011', '000000000000011');
INSERT INTO `bidong`.`customer owns shopping cart` (`Customer Id`, `ShoppingCart Id`) VALUES ('000000000000012', '000000000000012');
INSERT INTO `bidong`.`customer owns shopping cart` (`Customer Id`, `ShoppingCart Id`) VALUES ('000000000000013', '000000000000013');
INSERT INTO `bidong`.`customer owns shopping cart` (`Customer Id`, `ShoppingCart Id`) VALUES ('000000000000014', '000000000000014');
INSERT INTO `bidong`.`customer owns shopping cart` (`Customer Id`, `ShoppingCart Id`) VALUES ('000000000000015', '000000000000015');
INSERT INTO `bidong`.`customer owns shopping cart` (`Customer Id`, `ShoppingCart Id`) VALUES ('000000000000016', '000000000000016');
INSERT INTO `bidong`.`customer owns shopping cart` (`Customer Id`, `ShoppingCart Id`) VALUES ('000000000000017', '000000000000017');
INSERT INTO `bidong`.`customer owns shopping cart` (`Customer Id`, `ShoppingCart Id`) VALUES ('000000000000018', '000000000000018');
INSERT INTO `bidong`.`customer owns shopping cart` (`Customer Id`, `ShoppingCart Id`) VALUES ('000000000000019', '000000000000019');
INSERT INTO `bidong`.`customer owns shopping cart` (`Customer Id`, `ShoppingCart Id`) VALUES ('000000000000020', '000000000000020');

INSERT INTO `bidong`.`shopping cart contains items` (`shoppingCart Id`, `quantity`, `ItemID`) VALUES ('000000000000001', '1', '000000000000001');
INSERT INTO `bidong`.`shopping cart contains items` (`shoppingCart Id`, `quantity`, `ItemID`) VALUES ('000000000000001', '1', '000000000000002');
INSERT INTO `bidong`.`shopping cart contains items` (`shoppingCart Id`, `quantity`, `ItemID`) VALUES ('000000000000001', '2', '000000000000003');
INSERT INTO `bidong`.`shopping cart contains items` (`shoppingCart Id`, `quantity`, `ItemID`) VALUES ('000000000000002', '1', '000000000000003');
INSERT INTO `bidong`.`shopping cart contains items` (`shoppingCart Id`, `quantity`, `ItemID`) VALUES ('000000000000002', '1', '000000000000001');
INSERT INTO `bidong`.`shopping cart contains items` (`shoppingCart Id`, `quantity`, `ItemID`) VALUES ('000000000000003', '1', '000000000000003');
INSERT INTO `bidong`.`shopping cart contains items` (`shoppingCart Id`, `quantity`, `ItemID`) VALUES ('000000000000004', '2', '000000000000004');
INSERT INTO `bidong`.`shopping cart contains items` (`shoppingCart Id`, `quantity`, `ItemID`) VALUES ('000000000000005', '1', '000000000000005');
INSERT INTO `bidong`.`shopping cart contains items` (`shoppingCart Id`, `quantity`, `ItemID`) VALUES ('000000000000006', '1', '000000000000006');
INSERT INTO `bidong`.`shopping cart contains items` (`shoppingCart Id`, `quantity`, `ItemID`) VALUES ('000000000000007', '4', '000000000000008');
INSERT INTO `bidong`.`shopping cart contains items` (`shoppingCart Id`, `quantity`, `ItemID`) VALUES ('000000000000008', '1', '000000000000007');
INSERT INTO `bidong`.`shopping cart contains items` (`shoppingCart Id`, `quantity`, `ItemID`) VALUES ('000000000000009', '1', '000000000000003');

INSERT INTO `bidong`.`item review write by` (`Write Date`, `Article ID`, `Customer ID`) VALUES ('2019-04-01', '000000000000001', '000000000000001');
INSERT INTO `bidong`.`item review write by` (`Write Date`, `Article ID`, `Customer ID`) VALUES ('2019-04-08', '000000000000002', '000000000000001');
INSERT INTO `bidong`.`item review write by` (`Write Date`, `Article ID`, `Customer ID`) VALUES ('2019-02-07', '000000000000003', '000000000000001');
INSERT INTO `bidong`.`item review write by` (`Write Date`, `Article ID`, `Customer ID`) VALUES ('2019-03-10', '000000000000004', '000000000000008');
INSERT INTO `bidong`.`item review write by` (`Write Date`, `Article ID`, `Customer ID`) VALUES ('2019-04-01', '000000000000005', '000000000000010');
INSERT INTO `bidong`.`item review write by` (`Write Date`, `Article ID`, `Customer ID`) VALUES ('2019-02-16', '000000000000006', '000000000000008');
INSERT INTO `bidong`.`item review write by` (`Write Date`, `Article ID`, `Customer ID`) VALUES ('2019-04-06', '000000000000007', '000000000000004');
INSERT INTO `bidong`.`item review write by` (`Write Date`, `Article ID`, `Customer ID`) VALUES ('2019-01-23', '000000000000008', '000000000000005');
INSERT INTO `bidong`.`item review write by` (`Write Date`, `Article ID`, `Customer ID`) VALUES ('2019-01-28', '000000000000009', '000000000000005');
INSERT INTO `bidong`.`item review write by` (`Write Date`, `Article ID`, `Customer ID`) VALUES ('2019-03-04', '000000000000010', '000000000000005');

INSERT INTO `bidong`.`seller review write by` (`Write Date`,`Article ID`,`Customer ID`) VALUES ('2019-04-08',000000000000001,000000000000001);
INSERT INTO `bidong`.`seller review write by` (`Write Date`,`Article ID`,`Customer ID`) VALUES ('2019-04-01',000000000000002,000000000000005);
INSERT INTO `bidong`.`seller review write by` (`Write Date`,`Article ID`,`Customer ID`) VALUES ('2019-02-07',000000000000003,000000000000005);
INSERT INTO `bidong`.`seller review write by` (`Write Date`,`Article ID`,`Customer ID`) VALUES ('2019-02-16',000000000000004,000000000000004);
INSERT INTO `bidong`.`seller review write by` (`Write Date`,`Article ID`,`Customer ID`) VALUES ('2019-03-10',000000000000005,000000000000005);
INSERT INTO `bidong`.`seller review write by` (`Write Date`,`Article ID`,`Customer ID`) VALUES ('2019-03-04',000000000000006,000000000000006);
INSERT INTO `bidong`.`seller review write by` (`Write Date`,`Article ID`,`Customer ID`) VALUES ('2019-03-04',000000000000007,000000000000007);
INSERT INTO `bidong`.`seller review write by` (`Write Date`,`Article ID`,`Customer ID`) VALUES ('2019-04-08',000000000000008,000000000000009);
INSERT INTO `bidong`.`seller review write by` (`Write Date`,`Article ID`,`Customer ID`) VALUES ('2019-01-23',000000000000009,000000000000009);
INSERT INTO `bidong`.`seller review write by` (`Write Date`,`Article ID`,`Customer ID`) VALUES ('2019-01-28',000000000000010,000000000000010);

INSERT INTO `bidong`.`warehouse has item` (`Item ID`, `Warehouse ID`, `Quantity`) VALUES ('000000000000001', '11111', '100');
INSERT INTO `bidong`.`warehouse has item` (`Item ID`, `Warehouse ID`, `Quantity`) VALUES ('000000000000002', '11111', '200');
INSERT INTO `bidong`.`warehouse has item` (`Item ID`, `Warehouse ID`, `Quantity`) VALUES ('000000000000003', '11111', '500');
INSERT INTO `bidong`.`warehouse has item` (`Item ID`, `Warehouse ID`, `Quantity`) VALUES ('000000000000004', '11111', '400');
INSERT INTO `bidong`.`warehouse has item` (`Item ID`, `Warehouse ID`, `Quantity`) VALUES ('000000000000005', '11111', '500');
INSERT INTO `bidong`.`warehouse has item` (`Item ID`, `Warehouse ID`, `Quantity`) VALUES ('000000000000006', '11111', '500');
INSERT INTO `bidong`.`warehouse has item` (`Item ID`, `Warehouse ID`, `Quantity`) VALUES ('000000000000007', '11111', '99');
INSERT INTO `bidong`.`warehouse has item` (`Item ID`, `Warehouse ID`, `Quantity`) VALUES ('000000000000008', '11111', '99');
INSERT INTO `bidong`.`warehouse has item` (`Item ID`, `Warehouse ID`, `Quantity`) VALUES ('000000000000009', '11111', '200');
INSERT INTO `bidong`.`warehouse has item` (`Item ID`, `Warehouse ID`, `Quantity`) VALUES ('000000000000010', '11111', '999');
INSERT INTO `bidong`.`warehouse has item` (`Item ID`, `Warehouse ID`, `Quantity`) VALUES ('000000000000011', '11111', '999');
INSERT INTO `bidong`.`warehouse has item` (`Item ID`, `Warehouse ID`, `Quantity`) VALUES ('000000000000012', '11111', '999');
INSERT INTO `bidong`.`warehouse has item` (`Item ID`, `Warehouse ID`, `Quantity`) VALUES ('000000000000013', '11111', '999');
INSERT INTO `bidong`.`warehouse has item` (`Item ID`, `Warehouse ID`, `Quantity`) VALUES ('000000000000014', '11111', '999');
INSERT INTO `bidong`.`warehouse has item` (`Item ID`, `Warehouse ID`, `Quantity`) VALUES ('000000000000015', '11111', '999');

INSERT INTO `bidong`.`seller supplies item` (`Item ID`, `Warehouse ID`, `Seller ID`) VALUES ('000000000000001', '11111', '000000000000012');
INSERT INTO `bidong`.`seller supplies item` (`Item ID`, `Warehouse ID`, `Seller ID`) VALUES ('000000000000002', '11111', '000000000000012');
INSERT INTO `bidong`.`seller supplies item` (`Item ID`, `Warehouse ID`, `Seller ID`) VALUES ('000000000000003', '11111', '000000000000016');
INSERT INTO `bidong`.`seller supplies item` (`Item ID`, `Warehouse ID`, `Seller ID`) VALUES ('000000000000004', '11111', '000000000000014');
INSERT INTO `bidong`.`seller supplies item` (`Item ID`, `Warehouse ID`, `Seller ID`) VALUES ('000000000000005', '11111', '000000000000015');
INSERT INTO `bidong`.`seller supplies item` (`Item ID`, `Warehouse ID`, `Seller ID`) VALUES ('000000000000006', '11111', '000000000000017');
INSERT INTO `bidong`.`seller supplies item` (`Item ID`, `Warehouse ID`, `Seller ID`) VALUES ('000000000000007', '11111', '000000000000018');
INSERT INTO `bidong`.`seller supplies item` (`Item ID`, `Warehouse ID`, `Seller ID`) VALUES ('000000000000008', '11111', '000000000000020');
INSERT INTO `bidong`.`seller supplies item` (`Item ID`, `Warehouse ID`, `Seller ID`) VALUES ('000000000000009', '11111', '000000000000019');
INSERT INTO `bidong`.`seller supplies item` (`Item ID`, `Warehouse ID`, `Seller ID`) VALUES ('000000000000010', '11111', '000000000000011');
INSERT INTO `bidong`.`seller supplies item` (`Item ID`, `Warehouse ID`, `Seller ID`) VALUES ('000000000000011', '11111', '000000000000011');
INSERT INTO `bidong`.`seller supplies item` (`Item ID`, `Warehouse ID`, `Seller ID`) VALUES ('000000000000012', '11111', '000000000000011');
INSERT INTO `bidong`.`seller supplies item` (`Item ID`, `Warehouse ID`, `Seller ID`) VALUES ('000000000000013', '11111', '000000000000012');
INSERT INTO `bidong`.`seller supplies item` (`Item ID`, `Warehouse ID`, `Seller ID`) VALUES ('000000000000014', '11111', '000000000000013');
INSERT INTO `bidong`.`seller supplies item` (`Item ID`, `Warehouse ID`, `Seller ID`) VALUES ('000000000000015', '11111', '000000000000014');

INSERT INTO `bidong`.`Item has review` (`Article ID`,`Item ID`) VALUES (000000000000004,000000000000002);
INSERT INTO `bidong`.`Item has review` (`Article ID`,`Item ID`) VALUES (000000000000009,000000000000002);
INSERT INTO `bidong`.`Item has review` (`Article ID`,`Item ID`) VALUES (000000000000006,000000000000003);
INSERT INTO `bidong`.`Item has review` (`Article ID`,`Item ID`) VALUES (000000000000003,000000000000004);
INSERT INTO `bidong`.`Item has review` (`Article ID`,`Item ID`) VALUES (000000000000010,000000000000005);
INSERT INTO `bidong`.`Item has review` (`Article ID`,`Item ID`) VALUES (000000000000007,000000000000007);
INSERT INTO `bidong`.`Item has review` (`Article ID`,`Item ID`) VALUES (000000000000008,000000000000007);
INSERT INTO `bidong`.`Item has review` (`Article ID`,`Item ID`) VALUES (000000000000005,000000000000008);
INSERT INTO `bidong`.`Item has review` (`Article ID`,`Item ID`) VALUES (000000000000001,000000000000010);
INSERT INTO `bidong`.`Item has review` (`Article ID`,`Item ID`) VALUES (000000000000002,000000000000010);

INSERT INTO `bidong`.`Seller has review` (`Article ID`, `Seller ID`) VALUES ('000000000000001', '000000000000011');
INSERT INTO `bidong`.`Seller has review` (`Article ID`, `Seller ID`) VALUES ('000000000000002', '000000000000011');
INSERT INTO `bidong`.`Seller has review` (`Article ID`, `Seller ID`) VALUES ('000000000000003', '000000000000012');
INSERT INTO `bidong`.`Seller has review` (`Article ID`, `Seller ID`) VALUES ('000000000000004', '000000000000013');
INSERT INTO `bidong`.`Seller has review` (`Article ID`, `Seller ID`) VALUES ('000000000000005', '000000000000014');
INSERT INTO `bidong`.`Seller has review` (`Article ID`, `Seller ID`) VALUES ('000000000000006', '000000000000016');
INSERT INTO `bidong`.`Seller has review` (`Article ID`, `Seller ID`) VALUES ('000000000000007', '000000000000016');
INSERT INTO `bidong`.`Seller has review` (`Article ID`, `Seller ID`) VALUES ('000000000000008', '000000000000017');
INSERT INTO `bidong`.`Seller has review` (`Article ID`, `Seller ID`) VALUES ('000000000000009', '000000000000018');
INSERT INTO `bidong`.`Seller has review` (`Article ID`, `Seller ID`) VALUES ('000000000000010', '000000000000019');

INSERT INTO `bidong`.`employee reports to` (`Supervisor ID`, `Employee ID`) VALUES ('000000000000005', '000000000000001');
INSERT INTO `bidong`.`employee reports to` (`Supervisor ID`, `Employee ID`) VALUES ('000000000000005', '000000000000004');
INSERT INTO `bidong`.`employee reports to` (`Supervisor ID`, `Employee ID`) VALUES ('000000000000007', '000000000000002');
INSERT INTO `bidong`.`employee reports to` (`Supervisor ID`, `Employee ID`) VALUES ('000000000000007', '000000000000009');