INSERT INTO `bidong`.`user` (`UserID`,`Username`,`Password`,`Email Address`) VALUES (000000000000001,'apple99','11111','cecilia.chapman@yahoo.com');
INSERT INTO `bidong`.`user` (`UserID`,`Username`,`Password`,`Email Address`) VALUES (000000000000002,'angel88','22222','iris.watson@gmail.com');
INSERT INTO `bidong`.`user` (`UserID`,`Username`,`Password`,`Email Address`) VALUES (000000000000003,'bubbles1`','33333','celeste.slater@gmail.com');
INSERT INTO `bidong`.`user` (`UserID`,`Username`,`Password`,`Email Address`) VALUES (000000000000004,'adsf23123','44444','theodore.lowe@gmail.com');
INSERT INTO `bidong`.`user` (`UserID`,`Username`,`Password`,`Email Address`) VALUES (000000000000005,'VashWriting','55555','calista.wise@gmail.com');
INSERT INTO `bidong`.`user` (`UserID`,`Username`,`Password`,`Email Address`) VALUES (000000000000006,'BooksBeat','66666','kyla.olsen@sbu.com');
INSERT INTO `bidong`.`user` (`UserID`,`Username`,`Password`,`Email Address`) VALUES (000000000000007,'bookBeat','77777','forrest@ray.com');
INSERT INTO `bidong`.`user` (`UserID`,`Username`,`Password`,`Email Address`) VALUES (000000000000008,'livetekah','88888','Hiroko.potter@ab.com');
INSERT INTO `bidong`.`user` (`UserID`,`Username`,`Password`,`Email Address`) VALUES (000000000000009,'roza','99999','nyssa.vazquez@gmail.com');
INSERT INTO `bidong`.`user` (`UserID`,`Username`,`Password`,`Email Address`) VALUES (000000000000010,'bling','00000','araon.hawkins@yahoo.com');
INSERT INTO `bidong`.`user` (`UserID`,`Username`,`Password`,`Email Address`) VALUES (000000000000011,'googleInc','googleIsTheBest','google@gmail.com');
INSERT INTO `bidong`.`user` (`UserID`,`Username`,`Password`,`Email Address`) VALUES (000000000000012,'ebayInc','wowEbay','ebay@gmail.com');
INSERT INTO `bidong`.`user` (`UserID`,`Username`,`Password`,`Email Address`) VALUES (000000000000013,'appleInc','youWantAnApple','apple@apple.com');
INSERT INTO `bidong`.`user` (`UserID`,`Username`,`Password`,`Email Address`) VALUES (000000000000014,'bananaInc','iLikeBananaMore','banana@clothes.com');
INSERT INTO `bidong`.`user` (`UserID`,`Username`,`Password`,`Email Address`) VALUES (000000000000015,'yahooInc','YOYahoo','yahoo@yahoo.com');
INSERT INTO `bidong`.`user` (`UserID`,`Username`,`Password`,`Email Address`) VALUES (000000000000016,'bingInc','becauseItsNotGoogle','bing@bing.com');
INSERT INTO `bidong`.`user` (`UserID`,`Username`,`Password`,`Email Address`) VALUES (000000000000017,'amazonInc','whatAmIDoingHere','amazon@amazing.com');
INSERT INTO `bidong`.`user` (`UserID`,`Username`,`Password`,`Email Address`) VALUES (000000000000018,'taobaoInc','???????','taobao@taobao.com');
INSERT INTO `bidong`.`user` (`UserID`,`Username`,`Password`,`Email Address`) VALUES (000000000000019,'alibabaInc','cantThinkOfAny','alibaba@mayun.com');
INSERT INTO `bidong`.`user` (`UserID`,`Username`,`Password`,`Email Address`) VALUES (000000000000020,'abcInc','00000','abc@gmail.com');

INSERT INTO `bidong`.`seller` (`SellerID`, `Company Name`,`Street Address Line 1`,`Street Address Line 2`,`City`,`State/Province/Region`,`Country`,`Zip Code`,`Phone Number`) VALUES ('000000000000011', 'GoGoGo','1599 Curabitur Rd.',NULL,'Ciara','NC','USA','13251','6316329999');
INSERT INTO `bidong`.`seller` (`SellerID`, `Company Name`,`Street Address Line 1`,`Street Address Line 2`,`City`,`State/Province/Region`,`Country`,`Zip Code`,`Phone Number`) VALUES ('000000000000012', 'EBaby','1599 Curabitur Rd.',NULL,'Ciara','NC','USA','13251','6316329999');
INSERT INTO `bidong`.`seller` (`SellerID`, `Company Name`,`Street Address Line 1`,`Street Address Line 2`,`City`,`State/Province/Region`,`Country`,`Zip Code`,`Phone Number`) VALUES ('000000000000013', 'AppleBanana','1599 Curabitur Rd.',NULL,'Ciara','NC','USA','13251','6316329999');
INSERT INTO `bidong`.`seller` (`SellerID`, `Company Name`,`Street Address Line 1`,`Street Address Line 2`,`City`,`State/Province/Region`,`Country`,`Zip Code`,`Phone Number`) VALUES ('000000000000014', 'BananaApple','1599 Curabitur Rd.',NULL,'Ciara','NC','USA','13251','6316329999');
INSERT INTO `bidong`.`seller` (`SellerID`, `Company Name`,`Street Address Line 1`,`Street Address Line 2`,`City`,`State/Province/Region`,`Country`,`Zip Code`,`Phone Number`) VALUES ('000000000000015', 'Yayoyo','1599 Curabitur Rd.',NULL,'Ciara','NC','USA','13251','6316329999');
INSERT INTO `bidong`.`seller` (`SellerID`, `Company Name`,`Street Address Line 1`,`Street Address Line 2`,`City`,`State/Province/Region`,`Country`,`Zip Code`,`Phone Number`) VALUES ('000000000000016', 'Bling','1599 Curabitur Rd.',NULL,'Ciara','NC','USA','13251','6316329999');
INSERT INTO `bidong`.`seller` (`SellerID`, `Company Name`,`Street Address Line 1`,`Street Address Line 2`,`City`,`State/Province/Region`,`Country`,`Zip Code`,`Phone Number`) VALUES ('000000000000017', 'Amazing','1599 Curabitur Rd.',NULL,'Ciara','NC','USA','13251','6316329999');
INSERT INTO `bidong`.`seller` (`SellerID`, `Company Name`,`Street Address Line 1`,`Street Address Line 2`,`City`,`State/Province/Region`,`Country`,`Zip Code`,`Phone Number`) VALUES ('000000000000018', 'Taobaoooo','1599 Curabitur Rd.',NULL,'Ciara','NC','USA','13251','6316329999');
INSERT INTO `bidong`.`seller` (`SellerID`, `Company Name`,`Street Address Line 1`,`Street Address Line 2`,`City`,`State/Province/Region`,`Country`,`Zip Code`,`Phone Number`) VALUES ('000000000000019', 'Alibabaaaa','1599 Curabitur Rd.',NULL,'Ciara','NC','USA','13251','6316329999');
INSERT INTO `bidong`.`seller` (`SellerID`, `Company Name`,`Street Address Line 1`,`Street Address Line 2`,`City`,`State/Province/Region`,`Country`,`Zip Code`,`Phone Number`) VALUES ('000000000000020', 'Abccc','1599 Curabitur Rd.',NULL,'Ciara','NC','USA','13251','6316329999');


INSERT INTO `bidong`.`customer` (`CustomerID`, `First Name`, `Last Name`, `Middle Name`,`Street Address Line 1`,`Street Address Line 2`,`City`,`State/Province/Region`,`Country`,`Zip Code`,`Phone Number`) VALUES ('000000000000001', 'Cecilia', 'Chapman', 'Sea','711 Nulla St.',NULL,'Mankato','Mississippi','USA','96522','2575637401');
INSERT INTO `bidong`.`customer` (`CustomerID`, `First Name`, `Last Name`,`Street Address Line 1`,`Street Address Line 2`,`City`,`State/Province/Region`,`Country`,`Zip Code`,`Phone Number`) VALUES ('000000000000002', 'Iris', 'Watson','8998 Fusce Rd.','PO Box 283 ','Frederick ','Nebraska','USA','20620','9173368797');
INSERT INTO `bidong`.`customer` (`CustomerID`, `First Name`, `Last Name`, `Middle Name`,`Street Address Line 1`,`Street Address Line 2`,`City`,`State/Province/Region`,`Country`,`Zip Code`,`Phone Number`) VALUES ('000000000000003', 'Celeste', 'Slater', 'Shan','606 Ullamcorper St',NULL,'Roseville ','NH','USA','11523','6469098975');
INSERT INTO `bidong`.`customer` (`CustomerID`, `First Name`, `Last Name`, `Middle Name`,`Street Address Line 1`,`Street Address Line 2`,`City`,`State/Province/Region`,`Country`,`Zip Code`,`Phone Number`) VALUES ('000000000000004', 'Theodore', 'Iowe', 'Marry','8989 43th St',NULL,'Brooklyn','NY','USA','11228','3523336786');
INSERT INTO `bidong`.`customer` (`CustomerID`, `First Name`, `Last Name`,`Street Address Line 1`,`Street Address Line 2`,`City`,`State/Province/Region`,`Country`,`Zip Code`,`Phone Number`) VALUES ('000000000000005', 'Calista', 'Wise','7292 Dictum Av.','FL1',' San Antonio','MI','USA','47096','6316323333');
INSERT INTO `bidong`.`customer` (`CustomerID`, `First Name`, `Last Name`,`Street Address Line 1`,`Street Address Line 2`,`City`,`State/Province/Region`,`Country`,`Zip Code`,`Phone Number`) VALUES ('000000000000006', 'Kyla', 'Olsen','511 At Rd.',NULL,'Chelsea','MI','USA','67708','6316327777');
INSERT INTO `bidong`.`customer` (`CustomerID`, `First Name`, `Last Name`,`Street Address Line 1`,`Street Address Line 2`,`City`,`State/Province/Region`,`Country`,`Zip Code`,`Phone Number`) VALUES ('000000000000007', 'Forrest', 'Ray','125 Dictum Rd.','APT A','Lebanon','KY','USA','69409','6316328888');
INSERT INTO `bidong`.`customer` (`CustomerID`, `First Name`, `Last Name`,`Street Address Line 1`,`Street Address Line 2`,`City`,`State/Province/Region`,`Country`,`Zip Code`,`Phone Number`) VALUES ('000000000000008', 'Hiroko', 'Potter','1599 Curabitur Rd.',NULL,'Ciara','NC','USA','13251','6316329999');
INSERT INTO `bidong`.`customer` (`CustomerID`, `First Name`, `Last Name`,`Street Address Line 1`,`Street Address Line 2`,`City`,`State/Province/Region`,`Country`,`Zip Code`,`Phone Number`) VALUES ('000000000000009', 'Nyssa', 'Vazquez','666 Lacinia Ave',NULL,'Abalas','MA','USA','32613','6316326666');
INSERT INTO `bidong`.`customer` (`CustomerID`, `First Name`, `Last Name`, `Middle Name`,`Street Address Line 1`,`Street Address Line 2`,`City`,`State/Province/Region`,`Country`,`Zip Code`,`Phone Number`) VALUES ('000000000000010', 'Chole', 'Zheng', 'Apple','557 Lacinia Road',NULL,'Pabbaly','PA','USA','54311','6316321111');
INSERT INTO `bidong`.`customer` (`CustomerID`, `First Name`, `Last Name`, `Middle Name`,`Street Address Line 1`,`Street Address Line 2`,`City`,`State/Province/Region`,`Country`,`Zip Code`,`Phone Number`) VALUES ('000000000000011', 'Cindy', 'Walker', 'Banana','888 Google Rd, Long Island NY 12204',NULL,'Long Island','NY','USA','12204','8008888888');
INSERT INTO `bidong`.`customer` (`CustomerID`, `First Name`, `Last Name`,`Street Address Line 1`,`Street Address Line 2`,`City`,`State/Province/Region`,`Country`,`Zip Code`,`Phone Number`) VALUES ('000000000000012', 'Alan', 'Tucker','789 ebay Rd',NULL,'Long Island','NY','USA','12022','8001111111');
INSERT INTO `bidong`.`customer` (`CustomerID`, `First Name`, `Last Name`, `Middle Name`,`Street Address Line 1`,`Street Address Line 2`,`City`,`State/Province/Region`,`Country`,`Zip Code`,`Phone Number`) VALUES ('000000000000013', 'Stark', 'Orange', 'Pineapple','123 Apple Rd',NULL,'Long Island','NY','USA',NULL,'8002222222');
INSERT INTO `bidong`.`customer` (`CustomerID`, `First Name`, `Last Name`, `Middle Name`,`Street Address Line 1`,`Street Address Line 2`,`City`,`State/Province/Region`,`Country`,`Zip Code`,`Phone Number`) VALUES ('000000000000014', 'Esmaili', 'Straw', 'Barry','987 Banana Rd',NULL,'Long Island','NY','USA',NULL,'8008882929');
INSERT INTO `bidong`.`customer` (`CustomerID`, `First Name`, `Last Name`,`Street Address Line 1`,`Street Address Line 2`,`City`,`State/Province/Region`,`Country`,`Zip Code`,`Phone Number`) VALUES ('000000000000015', 'Mckenna', 'Piazza','444 Yahoo Rd',NULL,'Long Island','NY','USA',NULL,'8007777777');
INSERT INTO `bidong`.`customer` (`CustomerID`, `First Name`, `Last Name`,`Street Address Line 1`,`Street Address Line 2`,`City`,`State/Province/Region`,`Country`,`Zip Code`,`Phone Number`) VALUES ('000000000000016', 'McDonnell', 'Kind','777 Bing Rd',NULL,'Long Island','NY','USA',NULL,'6316321111');
INSERT INTO `bidong`.`customer` (`CustomerID`, `First Name`, `Last Name`,`Street Address Line 1`,`Street Address Line 2`,`City`,`State/Province/Region`,`Country`,`Zip Code`,`Phone Number`) VALUES ('000000000000017', 'Kevin', 'Lin','887 Amazon Rd',NULL,'Long Island','NY','USA',NULL,'8003332333');
INSERT INTO `bidong`.`customer` (`CustomerID`, `First Name`, `Last Name`,`Street Address Line 1`,`Street Address Line 2`,`City`,`State/Province/Region`,`Country`,`Zip Code`,`Phone Number`) VALUES ('000000000000018', 'Di', 'Wang','666 Taobao Rd',NULL,'Long Island','NY','USA',NULL,'8002228888');
INSERT INTO `bidong`.`customer` (`CustomerID`, `First Name`, `Last Name`,`Street Address Line 1`,`Street Address Line 2`,`City`,`State/Province/Region`,`Country`,`Zip Code`,`Phone Number`) VALUES ('000000000000019', 'Blue', 'Berry','999 Alibaba Rd',NULL,'Long Island','NY','USA',NULL,'8002345678');
INSERT INTO `bidong`.`customer` (`CustomerID`, `First Name`, `Last Name`, `Middle Name`,`Street Address Line 1`,`Street Address Line 2`,`City`,`State/Province/Region`,`Country`,`Zip Code`,`Phone Number`) VALUES ('000000000000020', 'Water', 'Mellon', 'PineappleII','908 Abc Road',NULL,'Long Island','NY','USA',NULL,'8000000000');



INSERT INTO `bidong`.`order` (`order number`, `order date`, `Total price`) VALUES ('000000000000001', '2019-04-01', '99.78');
INSERT INTO `bidong`.`order` (`order number`, `order date`, `Total price`) VALUES ('000000000000002', '2019-04-02', '99.99');
INSERT INTO `bidong`.`order` (`order number`, `order date`, `Total price`) VALUES ('000000000000003', '2019-04-02', '190.00');
INSERT INTO `bidong`.`order` (`order number`, `order date`, `Total price`) VALUES ('000000000000004', '2019-04-04', '10.14');
INSERT INTO `bidong`.`order` (`order number`, `order date`, `Total price`) VALUES ('000000000000005', '2019-04-04', '55.55');
INSERT INTO `bidong`.`order` (`order number`, `order date`, `Total price`) VALUES ('000000000000006', '2019-04-04', '66.66');
INSERT INTO `bidong`.`order` (`order number`, `order date`, `Total price`) VALUES ('000000000000007', '2019-04-05', '23.52');
INSERT INTO `bidong`.`order` (`order number`, `order date`, `Total price`) VALUES ('000000000000008', '2019-04-06', '88.88');
INSERT INTO `bidong`.`order` (`order number`, `order date`, `Total price`) VALUES ('000000000000009', '2019-04-07', '43.53');
INSERT INTO `bidong`.`order` (`order number`, `order date`, `Total price`) VALUES ('000000000000010', '2019-04-10', '56.53');

INSERT INTO `bidong`.`shopping cart` (`ShoppingCart Id`, `Total Price`) VALUES ('000000000000001', 0.00);
INSERT INTO `bidong`.`shopping cart` (`ShoppingCart Id`, `Total Price`) VALUES ('000000000000002', 0.00);
INSERT INTO `bidong`.`shopping cart` (`ShoppingCart Id`, `Total Price`) VALUES ('000000000000003', 0.00);
INSERT INTO `bidong`.`shopping cart` (`ShoppingCart Id`, `Total Price`) VALUES ('000000000000004', 0.00);
INSERT INTO `bidong`.`shopping cart` (`ShoppingCart Id`, `Total Price`) VALUES ('000000000000005', 0.00);
INSERT INTO `bidong`.`shopping cart` (`ShoppingCart Id`, `Total Price`) VALUES ('000000000000006', 0.00);
INSERT INTO `bidong`.`shopping cart` (`ShoppingCart Id`, `Total Price`) VALUES ('000000000000007', 0.00);
INSERT INTO `bidong`.`shopping cart` (`ShoppingCart Id`, `Total Price`) VALUES ('000000000000008', 0.00);
INSERT INTO `bidong`.`shopping cart` (`ShoppingCart Id`, `Total Price`) VALUES ('000000000000009', 0.00);
INSERT INTO `bidong`.`shopping cart` (`ShoppingCart Id`, `Total Price`) VALUES ('000000000000010', 0.00);
INSERT INTO `bidong`.`shopping cart` (`ShoppingCart Id`, `Total Price`) VALUES ('000000000000011', 0.00);
INSERT INTO `bidong`.`shopping cart` (`ShoppingCart Id`, `Total Price`) VALUES ('000000000000012', 0.00);
INSERT INTO `bidong`.`shopping cart` (`ShoppingCart Id`, `Total Price`) VALUES ('000000000000013', 0.00);
INSERT INTO `bidong`.`shopping cart` (`ShoppingCart Id`, `Total Price`) VALUES ('000000000000014', 0.00);
INSERT INTO `bidong`.`shopping cart` (`ShoppingCart Id`, `Total Price`) VALUES ('000000000000015', 0.00);
INSERT INTO `bidong`.`shopping cart` (`ShoppingCart Id`, `Total Price`) VALUES ('000000000000016', 0.00);
INSERT INTO `bidong`.`shopping cart` (`ShoppingCart Id`, `Total Price`) VALUES ('000000000000017', 0.00);
INSERT INTO `bidong`.`shopping cart` (`ShoppingCart Id`, `Total Price`) VALUES ('000000000000018', 0.00);
INSERT INTO `bidong`.`shopping cart` (`ShoppingCart Id`, `Total Price`) VALUES ('000000000000019', 0.00);
INSERT INTO `bidong`.`shopping cart` (`ShoppingCart Id`, `Total Price`) VALUES ('000000000000020', 0.00);

INSERT INTO `bidong`.`payment` (`PaymentId`,`Credit Card Number`,`Expiry Date`,`Payment Type`,`Street Address Line 1`,`Street Address Line 2`,`City`,`State/Province/Region`,`Country`,`Zip Code`) VALUES (000000000000001,'9876473829109374','2020-04-30','VISA','6059 Sollicitudin Road',NULL,'Burlingame ','Colorado ','USA','26278');
INSERT INTO `bidong`.`payment` (`PaymentId`,`Credit Card Number`,`Expiry Date`,`Payment Type`,`Street Address Line 1`,`Street Address Line 2`,`City`,`State/Province/Region`,`Country`,`Zip Code`) VALUES (000000000000002,'378282246310005','2022-05-31','AMERICAN EXPRESS','1379 Nulla. Av.',NULL,'Asbury Park','Montana ','USA','69679');
INSERT INTO `bidong`.`payment` (`PaymentId`,`Credit Card Number`,`Expiry Date`,`Payment Type`,`Street Address Line 1`,`Street Address Line 2`,`City`,`State/Province/Region`,`Country`,`Zip Code`) VALUES (000000000000003,'6574736283930126','2019-10-31','VISA','2410 Odio Avenue','P.O. Box 120','Pass Christian','Delaware ','USA','03869');
INSERT INTO `bidong`.`payment` (`PaymentId`,`Credit Card Number`,`Expiry Date`,`Payment Type`,`Street Address Line 1`,`Street Address Line 2`,`City`,`State/Province/Region`,`Country`,`Zip Code`) VALUES (000000000000004,'4111111111111111','2020-08-31','VISA','7014 Amet Street','P.O. Box 686','Corona','Oklahoma ','USA','55246');
INSERT INTO `bidong`.`payment` (`PaymentId`,`Credit Card Number`,`Expiry Date`,`Payment Type`,`Street Address Line 1`,`Street Address Line 2`,`City`,`State/Province/Region`,`Country`,`Zip Code`) VALUES (000000000000005,'8829829384719203','2020-08-31','MASTERCARD','4764 Sed Road','P.O. Box 547','Grand Rapids','CT ','USA','87323');
INSERT INTO `bidong`.`payment` (`PaymentId`,`Credit Card Number`,`Expiry Date`,`Payment Type`,`Street Address Line 1`,`Street Address Line 2`,`City`,`State/Province/Region`,`Country`,`Zip Code`) VALUES (000000000000006,'371449635398431','2021-08-31','AMERICAN EXPRESS','427-5827 Ac St.',NULL,'Schaumburg ','Arkansas','USA','84872');
INSERT INTO `bidong`.`payment` (`PaymentId`,`Credit Card Number`,`Expiry Date`,`Payment Type`,`Street Address Line 1`,`Street Address Line 2`,`City`,`State/Province/Region`,`Country`,`Zip Code`) VALUES (000000000000007,'9182538646323456','2021-07-31','DISCOVER','754-6427 Nunc Ave',NULL,'Kennewick ','AL','USA','41329');
INSERT INTO `bidong`.`payment` (`PaymentId`,`Credit Card Number`,`Expiry Date`,`Payment Type`,`Street Address Line 1`,`Street Address Line 2`,`City`,`State/Province/Region`,`Country`,`Zip Code`) VALUES (000000000000008,'0902764937890123','2020-12-31','DISCOVER','Metus Road','Ap #345-3847','Independence','CO ','USA','30135');
INSERT INTO `bidong`.`payment` (`PaymentId`,`Credit Card Number`,`Expiry Date`,`Payment Type`,`Street Address Line 1`,`Street Address Line 2`,`City`,`State/Province/Region`,`Country`,`Zip Code`) VALUES (000000000000009,'8888666633335555','2019-11-30','MASTERCARD','9561 Lacus. Road','P.O. Box 558','Laughlin ','Hawaii ','USA','99602');
INSERT INTO `bidong`.`payment` (`PaymentId`,`Credit Card Number`,`Expiry Date`,`Payment Type`,`Street Address Line 1`,`Street Address Line 2`,`City`,`State/Province/Region`,`Country`,`Zip Code`) VALUES (000000000000010,'9152739465097666','2021-09-30','VISA','Ipsum Avenue','Ap #364-2006','Wilmington','Ohio ','USA','91750');
INSERT INTO `bidong`.`payment` (`PaymentId`,`Credit Card Number`,`Expiry Date`,`Payment Type`,`Street Address Line 1`,`Street Address Line 2`,`City`,`State/Province/Region`,`Country`,`Zip Code`) VALUES (000000000000011,'9876473829109374','2020-04-30','VISA','6059 Sollicitudin Road',NULL,'Burlingame ','Colorado ','USA','26278');
INSERT INTO `bidong`.`payment` (`PaymentId`,`Credit Card Number`,`Expiry Date`,`Payment Type`,`Street Address Line 1`,`Street Address Line 2`,`City`,`State/Province/Region`,`Country`,`Zip Code`) VALUES (000000000000012,'378282246310005','2022-05-31','AMERICAN EXPRESS','1379 Nulla. Av.',NULL,'Asbury Park','Montana ','USA','69679');
INSERT INTO `bidong`.`payment` (`PaymentId`,`Credit Card Number`,`Expiry Date`,`Payment Type`,`Street Address Line 1`,`Street Address Line 2`,`City`,`State/Province/Region`,`Country`,`Zip Code`) VALUES (000000000000013,'6574736283930126','2019-10-31','VISA','2410 Odio Avenue','P.O. Box 120','Pass Christian','Delaware ','USA','03869');
INSERT INTO `bidong`.`payment` (`PaymentId`,`Credit Card Number`,`Expiry Date`,`Payment Type`,`Street Address Line 1`,`Street Address Line 2`,`City`,`State/Province/Region`,`Country`,`Zip Code`) VALUES (000000000000014,'4111111111111111','2020-08-31','VISA','7014 Amet Street','P.O. Box 686','Corona','Oklahoma ','USA','55246');
INSERT INTO `bidong`.`payment` (`PaymentId`,`Credit Card Number`,`Expiry Date`,`Payment Type`,`Street Address Line 1`,`Street Address Line 2`,`City`,`State/Province/Region`,`Country`,`Zip Code`) VALUES (000000000000015,'8829829384719203','2020-08-31','MASTERCARD','4764 Sed Road','P.O. Box 547','Grand Rapids','CT ','USA','87323');
INSERT INTO `bidong`.`payment` (`PaymentId`,`Credit Card Number`,`Expiry Date`,`Payment Type`,`Street Address Line 1`,`Street Address Line 2`,`City`,`State/Province/Region`,`Country`,`Zip Code`) VALUES (000000000000016,'371449635398431','2021-08-31','AMERICAN EXPRESS','427-5827 Ac St.',NULL,'Schaumburg ','Arkansas','USA','84872');
INSERT INTO `bidong`.`payment` (`PaymentId`,`Credit Card Number`,`Expiry Date`,`Payment Type`,`Street Address Line 1`,`Street Address Line 2`,`City`,`State/Province/Region`,`Country`,`Zip Code`) VALUES (000000000000017,'9182538646323456','2021-07-31','DISCOVER','754-6427 Nunc Ave',NULL,'Kennewick ','AL','USA','41329');
INSERT INTO `bidong`.`payment` (`PaymentId`,`Credit Card Number`,`Expiry Date`,`Payment Type`,`Street Address Line 1`,`Street Address Line 2`,`City`,`State/Province/Region`,`Country`,`Zip Code`) VALUES (000000000000018,'0902764937890123','2020-12-31','DISCOVER','Metus Road','Ap #345-3847','Independence','CO ','USA','30135');
INSERT INTO `bidong`.`payment` (`PaymentId`,`Credit Card Number`,`Expiry Date`,`Payment Type`,`Street Address Line 1`,`Street Address Line 2`,`City`,`State/Province/Region`,`Country`,`Zip Code`) VALUES (000000000000019,'8888666633335555','2019-11-30','MASTERCARD','9561 Lacus. Road','P.O. Box 558','Laughlin ','Hawaii ','USA','99602');
INSERT INTO `bidong`.`payment` (`PaymentId`,`Credit Card Number`,`Expiry Date`,`Payment Type`,`Street Address Line 1`,`Street Address Line 2`,`City`,`State/Province/Region`,`Country`,`Zip Code`) VALUES (000000000000020,'9152739465097666','2021-09-30','VISA','Ipsum Avenue','Ap #364-2006','Wilmington','Ohio ','USA','91750');

INSERT INTO `bidong`.`warehouse` (`Warehouse ID`, `Phone Number`, `Street Address Line 1`, `Street Address Line 2`, `City`, `State/Province/Region`, `Country`, `Zip Code`) VALUES ('11111', '7181234567', '4978 Sit St', 'P.O. Box 262', 'Flushing', 'NY', 'USA', '11513');

INSERT INTO `bidong`.`seller review` (`Seller Article ID`, `Rating`, `Detail`) VALUES ('000000000000001', '5', 'The item was superb and good. Immensely pleasing packaging. Delivery was superb. Item is of first-rate quality.');
INSERT INTO `bidong`.`seller review` (`Seller Article ID`, `Rating`, `Detail`) VALUES ('000000000000002', '2', 'Slow to send. Wouldn\'t buy from again. ');
INSERT INTO `bidong`.`seller review` (`Seller Article ID`, `Rating`, `Detail`) VALUES ('000000000000003', '3', 'Delivery was exceptionally speedy. Lovely packaging. Item good!');
INSERT INTO `bidong`.`seller review` (`Seller Article ID`, `Rating`, `Detail`) VALUES ('000000000000004', '5', 'Wonderful packaging. Delivery was notably speedy. Item is of superior quality. Exceptionally speedy dispatch.');
INSERT INTO `bidong`.`seller review` (`Seller Article ID`, `Rating`, `Detail`) VALUES ('000000000000005', '5', 'Excellent packaging. Item was of the most fantastic quality. Quick delivery.');
INSERT INTO `bidong`.`seller review` (`Seller Article ID`, `Rating`, `Detail`) VALUES ('000000000000006', '4', 'The item was outstanding. Swift to send. Packaging was good.');
INSERT INTO `bidong`.`seller review` (`Seller Article ID`, `Rating`, `Detail`) VALUES ('000000000000007', '3', 'Pleasing packaging. Swift delivery. Recommended.');
INSERT INTO `bidong`.`seller review` (`Seller Article ID`, `Rating`, `Detail`) VALUES ('000000000000008', '3', 'Quality of item was fine. Swift delivery. Packaging was prime. ');
INSERT INTO `bidong`.`seller review` (`Seller Article ID`, `Rating`, `Detail`) VALUES ('000000000000009', '5', 'High-standard packaging. Item is of first-rate quality! Speedy to send.');
INSERT INTO `bidong`.`seller review` (`Seller Article ID`, `Rating`, `Detail`) VALUES ('000000000000010', '5', 'Quality of the wrapping was good. Item was of superb quality. Good delivery. The packaging was notably marvelous.');

INSERT INTO `bidong`.`item` (`ItemID`,`Price`,`Type`,`Description`,`Item Name`) VALUES (000000000000001,199.00,'Electronics','Oculus Go is a whole new way to watch in VR. With crystal clear optics and state-of-the-art 3D graphics, the headset feels more like a personal theater. Just put it on, switch it on, and enjoy the littlest, big screen around. Watch a movie on a 180” inch screen, catch a sold-out concert from the front row, or just hang out with friends from anywhere. It\'s portable, comfortable, and designed to be ready when you are. That means no wires, no PC, and no phone to drop in. All you have to do sit back, relax, and go. Immerse yourself in over 1,000 games, social apps, experiences and more.','Oculus Go Standalone Virtual Reality Headset - 32GB');
INSERT INTO `bidong`.`item` (`ItemID`,`Price`,`Type`,`Description`,`Item Name`) VALUES (000000000000002,129.99,'Electronics','Echo Spot is designed to fit anywhere in your home. Use 2nd generation far-field voice recognition to watch the news, see music lyrics, weather forecasts, to-do and shopping lists, browse and listen to Audible audiobooks, and more. All hands-free—just ask.','Echo Spot - Smart Alarm Clock with Alexa - Black');
INSERT INTO `bidong`.`item` (`ItemID`,`Price`,`Type`,`Description`,`Item Name`) VALUES (000000000000003,18.49,'Pet Supplies','A clay litter uniquely formulated combining heavy non tracking granules with medium grain. The result is an excellent clumping litter that prevents moisture from reaching the bottom of the litter box, while providing a clump that will not break apart. Ultra is perfect for multi-cat families and cat owners with sifting or mechanical litter boxes and it controls odor naturally without perfume, deodorants or chemicals.','Dr. Elsey\'s Ultra Premium Clumping Cat Litter ( Pack May Vary )');
INSERT INTO `bidong`.`item` (`ItemID`,`Price`,`Type`,`Description`,`Item Name`) VALUES (000000000000004,13.99,'Pet Supplies','Vet’s best flea and tick shampoo for Cats is a strong yet gentle flea treatment formulated for cats that kills fleas, flea larvae and ticks on contact without harsh chemicals. Our plant-based formula contains 100% certified natural oils With a unique blend of clove and cottonseed oil to kill fleas, flea larvae and ticks. Our proven effective formula is easy to lather and rinse, cleaning An deodorizing your cat’s coat, and leaving behind a soothing scent.. For cats and kittens 12 weeks or older. Proudly manufactured in the USA.','Vet\'s Best Flea & Tick Shampoo for Cats | Premium Shampoo & Cat Flea Treatment | 12 oz');
INSERT INTO `bidong`.`item` (`ItemID`,`Price`,`Type`,`Description`,`Item Name`) VALUES (000000000000005,24.95,'Pet Supplies','The ChomChom Roller is the World’s Best Pet Hair Remover. By simply moving the pet hair roller back and forth, you immediately track and pick up cat hairs and dog hairs embedded deeply in sofas, couches, beds, carpets, blankets, comforters and more. You have probably tried all types of pet hair and lint removal products… from sticky roller tapes, to products that cannot be used over and over again. With the World’s Best Pet Hair Remover, you\'ll never need another gadget! No adhesive or sticky tape, 100% reusable, no power source required, clean and convenient pet hair remover. They make great gifts!','ChomChom Roller Dog Hair Remover, Cat Hair Remover, Pet Hair Remover');
INSERT INTO `bidong`.`item` (`ItemID`,`Price`,`Type`,`Description`,`Item Name`) VALUES (000000000000006,6.99,'Pet Supplies','Made with tough, durable nylon ends, the funky and fun Power Chew Dura Chew Double Bone chew toy in yummy bacon flavor is the long lasting chew toy you need for your aggressive chewer. With action ridges and nubs for extra entertainment, this power chew keeps dogs busy, satisfies their natural urge to chew, and encourages positive chewing habits. Plus, the bristles raised during chewing promote clean teeth and help control plaque and tartar.','Nylabone Power Chew Dura Chew Double Bone, Bacon Dog Chew Toy, Medium');
INSERT INTO `bidong`.`item` (`ItemID`,`Price`,`Type`,`Description`,`Item Name`) VALUES (000000000000007,799.99,'Music Instruments','The Yamaha DGX660 piano included in this bundle is great for players of all skill levels. This popular 88-key digital piano features advanced weighted key action with a heavier touch in the low end and lighter touch in the high end--just like the hammers inside an acoustic piano! It also has a variety of interactive features that make learning, playing and sharing music fun for everyone.','Yamaha DGX660B Portable Digital Piano - (Black)');
INSERT INTO `bidong`.`item` (`ItemID`,`Price`,`Type`,`Description`,`Item Name`) VALUES (000000000000008,483.75,'Music Instruments','The Surge Mesh Kit is a complete 8-piece electronic drum kit that includes everything a drummer needs to play like a pro. It features a 10” dual-zone mesh snare and three 8” dual-zone mesh tom pads for great feel and natural response, plus an 8” mesh kick tower pad with pedal. Three cymbals provide a virtually unlimited range of playing expression: a ride cymbal, crash cymbal with choke function and hi-hat. Not only do the mesh heads deliver unmatched response and playability, the compact size means the Surge Kit goes where larger kits can’t. The Surge module is filled with sounds—and surprises. The backlit LCD screen makes navigation a breeze. Drum and cymbal buttons are arranged to resemble the layout of a traditional kit, so it’s simple to assign sounds and create kits quickly. The Surge module comes complete with 40 classic and modern ready-to-play kits. Easily tweak any existing kit, or create your own using the 385 superior drum, cymbal, and percussion sounds included in the Surge module.','Alesis Surge Mesh Kit - Eight-Piece Electronic Drum Kit with Mesh Heads, Chrome Rack and Surge Drum Module');
INSERT INTO `bidong`.`item` (`ItemID`,`Price`,`Type`,`Description`,`Item Name`) VALUES (000000000000009,511.18,'Furniture','Fusing the contemporary and classic design with this collection of 4-piece modular sectionals covered in soft linen. With plush seating and back support, each piece is accented with asymmetrical tufting and stitching to enhance your living space. Compliment the sectional with accent pillows. Available in black and navy . Dimensions : LAF one-arm loveseat 52" x 32" x 35" H corner wedge 32" x 32" x 35" H RAF one-arm loveseat 52" x 32" x 35" H Armless chair 23" x 32" x 35" H','Oliver and Smith Fur_s295blackleather_Prime Sectional Sofa Black');
INSERT INTO `bidong`.`item` (`ItemID`,`Price`,`Type`,`Description`,`Item Name`) VALUES (000000000000010,6.89,'Health care','Try Band-Aid Brand Flexible Fabric Adhesive Bandages, which cover and protect minor wounds. Made with Memory-Weave fabric for comfort and flexibility, these assorted wound care bandages stretch, bend, and flex as you move. Each bandage features a Quilt-Aid Comfort Pad designed to cushion painful wounds which may help prevent reinjury. Made with a Hurt-Free Pad, these comfortable first-aid bandages won\'t stick to the wound as they wick away blood and fluids, allowing for gentle removal. From the #1 doctor recommended bandage brand, Band-Aid Brand Adhesive Bandages help protect against dirt and germs that may cause infection. Plus wounds covered with a bandage heal faster than uncovered wounds. For proper wound care, treat with wound an antiseptic ointment such as Neosporin prior to application.','Band-Aid Flex-Fabric Assorted, 100 ct');
INSERT INTO `bidong`.`item` (`ItemID`,`Price`,`Type`, `Description`, `Item Name`) VALUES (000000000000011,7.55, 'Books', 'Naofumi Iwatani, an uncharismatic Otaku who spends his days on games and manga, suddenly finds himself summoned to a parallel universe! He discovers he is one of four heroes equipped with legendary weapons and tasked with saving the world from its prophesied destruction. As the Shield Hero, the weakest of the heroes, all is not as it seems. Naofumi is soon alone, penniless, and betrayed. With no one to turn to, and nowhere to run, he is left with only his shield. Now, Naofumi must rise to become the legendary Shield Hero and save the world!', 'The Rising of the Shield Hero Volume 01');
INSERT INTO `bidong`.`item` (`ItemID`,`Price`,`Type`, `Description`, `Item Name`) VALUES (000000000000012,10.99, 'Books', 'Like any shy teen turned young adult, YouTube star James Rallison (\"The Odd 1s Out\") is used to being on the outside looking in. He wasn\'t partying in high school or winning football games like his older brother. Instead, he posted comics on the Internet. Now, he\'s ready to share his hard-earned advice from his 21 years of life in the funny, relatable voice his fans love. ', 'The Odd 1s Out: How to Be Cool and Other Things I Definitely Learned from Growing Up');
INSERT INTO `bidong`.`item` (`ItemID`,`Price`,`Type`, `Description`, `Item Name`) VALUES (000000000000013,17.84, 'Clothing/Shoes/Jewelry', 'The 711 Skinny features innovative stretch denim to flatter, hold and lift while making you feel amazing. This jean sits just below the curve of your waist for a universally comfortable fit, and the skinny leg adapts to any style you choose.', 'Levi\'s Women\'s 711 Skinny Jean');
INSERT INTO `bidong`.`item` (`ItemID`,`Price`,`Type`, `Description`, `Item Name`) VALUES (000000000000014,49.7, 'Toy/Game/Movie', 'Take your Pokémon journey to the Kanto region with your energetic partner, Pikachu, to become a top Pokémon trainer as you battle other trainers. Use a throwing motion to catch Pokémon in the wild with either one Joy-Con controller or Poké Ball Plus accessory, which will light up, vibrate, and make sounds to bring your adventure to life. Share your adventure with family or friends in two-player action using a second Joy-Con or Poké Ball Plus (sold separately). You can even connect to the Pokémon GO app using a compatible smartphone to bring over Pokémon originally discovered in the Kanto region.', 'Pokemon: Let\'s Go, Pikachu!');
INSERT INTO `bidong`.`item` (`ItemID`,`Price`,`Type`, `Description`, `Item Name`) VALUES (000000000000015,2.98, 'Snack/Food', 'Take a delicious break with Oreo Double Stuf Cookies. This Oreo variety sandwiches a double helping of rich creme between the bold taste of two chocolate wafers--making them milk\'s favorite cookie.', 'Oreo Double Stuf Chocolate Sandwich Cookies, 15.35 Ounce');


INSERT INTO `bidong`.`item review` (`Item Article ID`,`Rating`,`Detail`) VALUES (000000000000001,5,'These are comfortable, breathable, and stay on until you want them to come off. I use these in all my first aid kits and am very pleased.');
INSERT INTO `bidong`.`item review` (`Item Article ID`,`Rating`,`Detail`) VALUES (000000000000002,4,'This is a very good bandage that stays on no matter what! In fact it is so hard to take off and leaves a sticky residue.');
INSERT INTO `bidong`.`item review` (`Item Article ID`,`Rating`,`Detail`) VALUES (000000000000003,4,'Works well on cats who will tolerate being given a bath. Unlike dogs, most cats hate water and think they are being tortured if you try to bathe them. Hopefully you are lucky in that regard.');
INSERT INTO `bidong`.`item review` (`Item Article ID`,`Rating`,`Detail`) VALUES (000000000000004,5,'You don\'t know how really happy I am about this product! I just used this roller on my other bed for less than 2 minutes and look how well it worked!! You don\'t even need to press, just move it gently and it will do its work!! REALLY recommended!');
INSERT INTO `bidong`.`item review` (`Item Article ID`,`Rating`,`Detail`) VALUES (000000000000005,5,'I haven’t noticed any problems of any kind. It’s nicely made and even though some don’t like the foot pedal, I think it’s my favorite part of the entire kit. ');
INSERT INTO `bidong`.`item review` (`Item Article ID`,`Rating`,`Detail`) VALUES (000000000000006,3,'The performance of the litter is great, but the scent became pretty intolerable for me.');
INSERT INTO `bidong`.`item review` (`Item Article ID`,`Rating`,`Detail`) VALUES (000000000000007,5,'As an intermediate pianist, I wanted a piano with a variety of voices for music production purposes, a headphone/sustain pedal port, and realistic piano sound. This nailed all of the above.');
INSERT INTO `bidong`.`item review` (`Item Article ID`,`Rating`,`Detail`) VALUES (000000000000008,5,'I love it!!');
INSERT INTO `bidong`.`item review` (`Item Article ID`,`Rating`,`Detail`) VALUES (000000000000009,4,'This is an excellent smart device with one major flaw that makes it unbearable.');
INSERT INTO `bidong`.`item review` (`Item Article ID`,`Rating`,`Detail`) VALUES (000000000000010,3,'It has made my life easier.');

INSERT INTO `bidong`.`shipment` (`Tracking Number`,`Type`,`Details`,`Street Address Line 1`,`Street Address Line 2`,`City`,`State/Province/Region`,`Country`,`Zip Code`,`Charge`) VALUES ('KEY0000000000000000001','UPS','First Class Mail','711-2880 Nulla St',NULL,'Mankato ','USA','Mississippi ','96522',6.75);
INSERT INTO `bidong`.`shipment` (`Tracking Number`,`Type`,`Details`,`Street Address Line 1`,`Street Address Line 2`,`City`,`State/Province/Region`,`Country`,`Zip Code`,`Charge`) VALUES ('KEY0000000000000000002','USPS','Express Mail','P.O. Box 283 8562 Fusce Rd.',NULL,'Frederick ','USA','Nebraska ','20620',11.50);
INSERT INTO `bidong`.`shipment` (`Tracking Number`,`Type`,`Details`,`Street Address Line 1`,`Street Address Line 2`,`City`,`State/Province/Region`,`Country`,`Zip Code`,`Charge`) VALUES ('KEY0000000000000000003','FeDex','Media Mail','606-3727 Ullamcorper. Street','FL2','Roseville ','USA','NH','11523',5.00);
INSERT INTO `bidong`.`shipment` (`Tracking Number`,`Type`,`Details`,`Street Address Line 1`,`Street Address Line 2`,`City`,`State/Province/Region`,`Country`,`Zip Code`,`Charge`) VALUES ('KEY0000000000000000004','DHL','Priority Mail','Ap #867-859 Sit Rd.',NULL,'Azusa ','USA','NY','39531',2.50);
INSERT INTO `bidong`.`shipment` (`Tracking Number`,`Type`,`Details`,`Street Address Line 1`,`Street Address Line 2`,`City`,`State/Province/Region`,`Country`,`Zip Code`,`Charge`) VALUES ('KEY0000000000000000005','USPS','Media Mail','7292 Dictum Av.',NULL,' San Antonio','USA','MI','47096',1.67);
INSERT INTO `bidong`.`shipment` (`Tracking Number`,`Type`,`Details`,`Street Address Line 1`,`Street Address Line 2`,`City`,`State/Province/Region`,`Country`,`Zip Code`,`Charge`) VALUES ('KEY0000000000000000006','DHL','Express Mail','Ap #651-8679 Sodales Av.','FL1','Tamuning','USA','PA','10955',20.60);
INSERT INTO `bidong`.`shipment` (`Tracking Number`,`Type`,`Details`,`Street Address Line 1`,`Street Address Line 2`,`City`,`State/Province/Region`,`Country`,`Zip Code`,`Charge`) VALUES ('KEY0000000000000000007','UPS','Media Mail','191-103 Integer Rd.',NULL,'Tamuning','USA','New Mexico','08219',6.92);
INSERT INTO `bidong`.`shipment` (`Tracking Number`,`Type`,`Details`,`Street Address Line 1`,`Street Address Line 2`,`City`,`State/Province/Region`,`Country`,`Zip Code`,`Charge`) VALUES ('KEY0000000000000000008','FeDex','Priority Mail','P.O. Box 887 2508 Dolor. Av.',NULL,'Muskegon ','USA','KY','12482',4.12);
INSERT INTO `bidong`.`shipment` (`Tracking Number`,`Type`,`Details`,`Street Address Line 1`,`Street Address Line 2`,`City`,`State/Province/Region`,`Country`,`Zip Code`,`Charge`) VALUES ('KEY0000000000000000009','UPS','Express Mail','511-5762 At Rd.','APT 1','Chelsea ','USA','MI','67708',9.63);
INSERT INTO `bidong`.`shipment` (`Tracking Number`,`Type`,`Details`,`Street Address Line 1`,`Street Address Line 2`,`City`,`State/Province/Region`,`Country`,`Zip Code`,`Charge`) VALUES ('KEY0000000000000000010','USPS','International Package Shipments','935-9940 Tortor. Street',NULL,'Santa Rosa','USA','MN','98804',8.24);

INSERT INTO `bidong`.`employee` (`Employee ID`, `Date Join`, `Designation/Role`) VALUES ('000000000000001', '2017-05-12', 'Software Developer');
INSERT INTO `bidong`.`employee` (`Employee ID`, `Date Join`, `Designation/Role`) VALUES ('000000000000002', '2008-03-16', 'Shipment Handler');
INSERT INTO `bidong`.`employee` (`Employee ID`, `Date Join`, `Designation/Role`) VALUES ('000000000000003', '2018-07-01', 'Data Scientist');
INSERT INTO `bidong`.`employee` (`Employee ID`, `Date Join`, `Designation/Role`) VALUES ('000000000000004', '2013-05-20', 'Data Engineer');
INSERT INTO `bidong`.`employee` (`Employee ID`, `Date Join`, `Designation/Role`) VALUES ('000000000000005', '2017-05-10', 'Manager');
INSERT INTO `bidong`.`employee` (`Employee ID`, `Date Join`, `Designation/Role`) VALUES ('000000000000006', '2012-12-23', 'AWS');
INSERT INTO `bidong`.`employee` (`Employee ID`, `Date Join`, `Designation/Role`) VALUES ('000000000000007', '2013-07-15', 'Managerr');
INSERT INTO `bidong`.`employee` (`Employee ID`, `Date Join`, `Designation/Role`) VALUES ('000000000000008', '2016-01-20', 'Alexa');
INSERT INTO `bidong`.`employee` (`Employee ID`, `Date Join`, `Designation/Role`) VALUES ('000000000000009', '2015-10-15', 'Shipment Handler');
INSERT INTO `bidong`.`employee` (`Employee ID`, `Date Join`, `Designation/Role`) VALUES ('000000000000010', '2012-02-10', 'AWS');

INSERT INTO `bidong`.`refund` (`Customer ID`, `Order ID`, `Refund Way`, `Refund Price`, `Refund Reason`) VALUES ('000000000000005', '000000000000009', 'Debit Card', '17.89', 'Item broken.');
INSERT INTO `bidong`.`refund` (`Customer ID`, `Order ID`, `Refund Way`, `Refund Price`, `Refund Reason`) VALUES ('000000000000009', '000000000000004', 'Gift Card', '10.14', 'Product Didn’t Match the Website Or Catalog Description.');
INSERT INTO `bidong`.`refund` (`Customer ID`, `Order ID`, `Refund Way`, `Refund Price`, `Refund Reason`) VALUES ('000000000000001', '000000000000002', 'Credit Card', '50.05', 'Product Did Not Meet Expectations.');

INSERT INTO `bidong`.`customer saves payment` (`CustomerId`, `PaymentId`) VALUES ('000000000000001', '000000000000001');
INSERT INTO `bidong`.`customer saves payment` (`CustomerId`, `PaymentId`) VALUES ('000000000000002', '000000000000002');
INSERT INTO `bidong`.`customer saves payment` (`CustomerId`, `PaymentId`) VALUES ('000000000000003', '000000000000003');
INSERT INTO `bidong`.`customer saves payment` (`CustomerId`, `PaymentId`) VALUES ('000000000000004', '000000000000004');
INSERT INTO `bidong`.`customer saves payment` (`CustomerId`, `PaymentId`) VALUES ('000000000000005', '000000000000005');
INSERT INTO `bidong`.`customer saves payment` (`CustomerId`, `PaymentId`) VALUES ('000000000000006', '000000000000006');
INSERT INTO `bidong`.`customer saves payment` (`CustomerId`, `PaymentId`) VALUES ('000000000000007', '000000000000007');
INSERT INTO `bidong`.`customer saves payment` (`CustomerId`, `PaymentId`) VALUES ('000000000000008', '000000000000008');
INSERT INTO `bidong`.`customer saves payment` (`CustomerId`, `PaymentId`) VALUES ('000000000000009', '000000000000009');
INSERT INTO `bidong`.`customer saves payment` (`CustomerId`, `PaymentId`) VALUES ('000000000000010', '000000000000010');
INSERT INTO `bidong`.`customer saves payment` (`CustomerId`, `PaymentId`) VALUES ('000000000000001', '000000000000020');
INSERT INTO `bidong`.`customer saves payment` (`CustomerId`, `PaymentId`) VALUES ('000000000000002', '000000000000011');
INSERT INTO `bidong`.`customer saves payment` (`CustomerId`, `PaymentId`) VALUES ('000000000000003', '000000000000012');
INSERT INTO `bidong`.`customer saves payment` (`CustomerId`, `PaymentId`) VALUES ('000000000000004', '000000000000013');
INSERT INTO `bidong`.`customer saves payment` (`CustomerId`, `PaymentId`) VALUES ('000000000000005', '000000000000014');
INSERT INTO `bidong`.`customer saves payment` (`CustomerId`, `PaymentId`) VALUES ('000000000000006', '000000000000015');
INSERT INTO `bidong`.`customer saves payment` (`CustomerId`, `PaymentId`) VALUES ('000000000000007', '000000000000016');
INSERT INTO `bidong`.`customer saves payment` (`CustomerId`, `PaymentId`) VALUES ('000000000000008', '000000000000017');
INSERT INTO `bidong`.`customer saves payment` (`CustomerId`, `PaymentId`) VALUES ('000000000000009', '000000000000018');
INSERT INTO `bidong`.`customer saves payment` (`CustomerId`, `PaymentId`) VALUES ('000000000000010', '000000000000019');


INSERT INTO `bidong`.`checkout` (`shoppingCart ID`, `order number`) VALUES ('000000000000001', '000000000000001');
INSERT INTO `bidong`.`checkout` (`shoppingCart ID`, `order number`) VALUES ('000000000000001', '000000000000002');
INSERT INTO `bidong`.`checkout` (`shoppingCart ID`, `order number`) VALUES ('000000000000003', '000000000000003');
INSERT INTO `bidong`.`checkout` (`shoppingCart ID`, `order number`) VALUES ('000000000000009', '000000000000004');
INSERT INTO `bidong`.`checkout` (`shoppingCart ID`, `order number`) VALUES ('000000000000005', '000000000000005');
INSERT INTO `bidong`.`checkout` (`shoppingCart ID`, `order number`) VALUES ('000000000000001', '000000000000006');
INSERT INTO `bidong`.`checkout` (`shoppingCart ID`, `order number`) VALUES ('000000000000002', '000000000000007');
INSERT INTO `bidong`.`checkout` (`shoppingCart ID`, `order number`) VALUES ('000000000000003', '000000000000008');
INSERT INTO `bidong`.`checkout` (`shoppingCart ID`, `order number`) VALUES ('000000000000005', '000000000000009');
INSERT INTO `bidong`.`checkout` (`shoppingCart ID`, `order number`) VALUES ('000000000000005', '000000000000010');

INSERT INTO `bidong`.`payment pays order` (`Payment ID`, `Order Number`) VALUES ('000000000000001', '000000000000001');
INSERT INTO `bidong`.`payment pays order` (`Payment ID`, `Order Number`) VALUES ('000000000000002', '000000000000002');
INSERT INTO `bidong`.`payment pays order` (`Payment ID`, `Order Number`) VALUES ('000000000000003', '000000000000003');
INSERT INTO `bidong`.`payment pays order` (`Payment ID`, `Order Number`) VALUES ('000000000000004', '000000000000004');
INSERT INTO `bidong`.`payment pays order` (`Payment ID`, `Order Number`) VALUES ('000000000000005', '000000000000005');
INSERT INTO `bidong`.`payment pays order` (`Payment ID`, `Order Number`) VALUES ('000000000000006', '000000000000006');
INSERT INTO `bidong`.`payment pays order` (`Payment ID`, `Order Number`) VALUES ('000000000000007', '000000000000007');
INSERT INTO `bidong`.`payment pays order` (`Payment ID`, `Order Number`) VALUES ('000000000000008', '000000000000008');
INSERT INTO `bidong`.`payment pays order` (`Payment ID`, `Order Number`) VALUES ('000000000000009', '000000000000009');
INSERT INTO `bidong`.`payment pays order` (`Payment ID`, `Order Number`) VALUES ('000000000000010', '000000000000010');

INSERT INTO `bidong`.`customer owns shopping cart` (`Customer Id`, `ShoppingCart Id`) VALUES ('000000000000001', '000000000000001');
INSERT INTO `bidong`.`customer owns shopping cart` (`Customer Id`, `ShoppingCart Id`) VALUES ('000000000000002', '000000000000002');
INSERT INTO `bidong`.`customer owns shopping cart` (`Customer Id`, `ShoppingCart Id`) VALUES ('000000000000003', '000000000000003');
INSERT INTO `bidong`.`customer owns shopping cart` (`Customer Id`, `ShoppingCart Id`) VALUES ('000000000000004', '000000000000004');
INSERT INTO `bidong`.`customer owns shopping cart` (`Customer Id`, `ShoppingCart Id`) VALUES ('000000000000005', '000000000000005');
INSERT INTO `bidong`.`customer owns shopping cart` (`Customer Id`, `ShoppingCart Id`) VALUES ('000000000000006', '000000000000006');
INSERT INTO `bidong`.`customer owns shopping cart` (`Customer Id`, `ShoppingCart Id`) VALUES ('000000000000007', '000000000000007');
INSERT INTO `bidong`.`customer owns shopping cart` (`Customer Id`, `ShoppingCart Id`) VALUES ('000000000000008', '000000000000008');
INSERT INTO `bidong`.`customer owns shopping cart` (`Customer Id`, `ShoppingCart Id`) VALUES ('000000000000009', '000000000000009');
INSERT INTO `bidong`.`customer owns shopping cart` (`Customer Id`, `ShoppingCart Id`) VALUES ('000000000000010', '000000000000010');
INSERT INTO `bidong`.`customer owns shopping cart` (`Customer Id`, `ShoppingCart Id`) VALUES ('000000000000011', '000000000000011');
INSERT INTO `bidong`.`customer owns shopping cart` (`Customer Id`, `ShoppingCart Id`) VALUES ('000000000000012', '000000000000012');
INSERT INTO `bidong`.`customer owns shopping cart` (`Customer Id`, `ShoppingCart Id`) VALUES ('000000000000013', '000000000000013');
INSERT INTO `bidong`.`customer owns shopping cart` (`Customer Id`, `ShoppingCart Id`) VALUES ('000000000000014', '000000000000014');
INSERT INTO `bidong`.`customer owns shopping cart` (`Customer Id`, `ShoppingCart Id`) VALUES ('000000000000015', '000000000000015');
INSERT INTO `bidong`.`customer owns shopping cart` (`Customer Id`, `ShoppingCart Id`) VALUES ('000000000000016', '000000000000016');
INSERT INTO `bidong`.`customer owns shopping cart` (`Customer Id`, `ShoppingCart Id`) VALUES ('000000000000017', '000000000000017');
INSERT INTO `bidong`.`customer owns shopping cart` (`Customer Id`, `ShoppingCart Id`) VALUES ('000000000000018', '000000000000018');
INSERT INTO `bidong`.`customer owns shopping cart` (`Customer Id`, `ShoppingCart Id`) VALUES ('000000000000019', '000000000000019');
INSERT INTO `bidong`.`customer owns shopping cart` (`Customer Id`, `ShoppingCart Id`) VALUES ('000000000000020', '000000000000020');

INSERT INTO `bidong`.`shopping cart contains items` (`shoppingCart Id`, `quantity`, `ItemID`) VALUES ('000000000000001', '1', '000000000000001');
INSERT INTO `bidong`.`shopping cart contains items` (`shoppingCart Id`, `quantity`, `ItemID`) VALUES ('000000000000001', '1', '000000000000002');
INSERT INTO `bidong`.`shopping cart contains items` (`shoppingCart Id`, `quantity`, `ItemID`) VALUES ('000000000000001', '2', '000000000000003');
INSERT INTO `bidong`.`shopping cart contains items` (`shoppingCart Id`, `quantity`, `ItemID`) VALUES ('000000000000002', '1', '000000000000003');
INSERT INTO `bidong`.`shopping cart contains items` (`shoppingCart Id`, `quantity`, `ItemID`) VALUES ('000000000000002', '1', '000000000000001');
INSERT INTO `bidong`.`shopping cart contains items` (`shoppingCart Id`, `quantity`, `ItemID`) VALUES ('000000000000003', '1', '000000000000003');
INSERT INTO `bidong`.`shopping cart contains items` (`shoppingCart Id`, `quantity`, `ItemID`) VALUES ('000000000000004', '2', '000000000000004');
INSERT INTO `bidong`.`shopping cart contains items` (`shoppingCart Id`, `quantity`, `ItemID`) VALUES ('000000000000005', '1', '000000000000005');
INSERT INTO `bidong`.`shopping cart contains items` (`shoppingCart Id`, `quantity`, `ItemID`) VALUES ('000000000000006', '1', '000000000000006');
INSERT INTO `bidong`.`shopping cart contains items` (`shoppingCart Id`, `quantity`, `ItemID`) VALUES ('000000000000007', '4', '000000000000008');
INSERT INTO `bidong`.`shopping cart contains items` (`shoppingCart Id`, `quantity`, `ItemID`) VALUES ('000000000000008', '1', '000000000000007');
INSERT INTO `bidong`.`shopping cart contains items` (`shoppingCart Id`, `quantity`, `ItemID`) VALUES ('000000000000009', '1', '000000000000003');

INSERT INTO `bidong`.`item review write by` (`Write Date`, `Article ID`, `Customer ID`) VALUES ('2019-04-01', '000000000000001', '000000000000001');
INSERT INTO `bidong`.`item review write by` (`Write Date`, `Article ID`, `Customer ID`) VALUES ('2019-04-08', '000000000000002', '000000000000001');
INSERT INTO `bidong`.`item review write by` (`Write Date`, `Article ID`, `Customer ID`) VALUES ('2019-02-07', '000000000000003', '000000000000001');
INSERT INTO `bidong`.`item review write by` (`Write Date`, `Article ID`, `Customer ID`) VALUES ('2019-03-10', '000000000000004', '000000000000008');
INSERT INTO `bidong`.`item review write by` (`Write Date`, `Article ID`, `Customer ID`) VALUES ('2019-04-01', '000000000000005', '000000000000010');
INSERT INTO `bidong`.`item review write by` (`Write Date`, `Article ID`, `Customer ID`) VALUES ('2019-02-16', '000000000000006', '000000000000008');
INSERT INTO `bidong`.`item review write by` (`Write Date`, `Article ID`, `Customer ID`) VALUES ('2019-04-06', '000000000000007', '000000000000004');
INSERT INTO `bidong`.`item review write by` (`Write Date`, `Article ID`, `Customer ID`) VALUES ('2019-01-23', '000000000000008', '000000000000005');
INSERT INTO `bidong`.`item review write by` (`Write Date`, `Article ID`, `Customer ID`) VALUES ('2019-01-28', '000000000000009', '000000000000005');
INSERT INTO `bidong`.`item review write by` (`Write Date`, `Article ID`, `Customer ID`) VALUES ('2019-03-04', '000000000000010', '000000000000005');

INSERT INTO `bidong`.`seller review write by` (`Write Date`,`Article ID`,`Customer ID`) VALUES ('2019-04-08',000000000000001,000000000000001);
INSERT INTO `bidong`.`seller review write by` (`Write Date`,`Article ID`,`Customer ID`) VALUES ('2019-04-01',000000000000002,000000000000005);
INSERT INTO `bidong`.`seller review write by` (`Write Date`,`Article ID`,`Customer ID`) VALUES ('2019-02-07',000000000000003,000000000000005);
INSERT INTO `bidong`.`seller review write by` (`Write Date`,`Article ID`,`Customer ID`) VALUES ('2019-02-16',000000000000004,000000000000004);
INSERT INTO `bidong`.`seller review write by` (`Write Date`,`Article ID`,`Customer ID`) VALUES ('2019-03-10',000000000000005,000000000000005);
INSERT INTO `bidong`.`seller review write by` (`Write Date`,`Article ID`,`Customer ID`) VALUES ('2019-03-04',000000000000006,000000000000006);
INSERT INTO `bidong`.`seller review write by` (`Write Date`,`Article ID`,`Customer ID`) VALUES ('2019-03-04',000000000000007,000000000000007);
INSERT INTO `bidong`.`seller review write by` (`Write Date`,`Article ID`,`Customer ID`) VALUES ('2019-04-08',000000000000008,000000000000009);
INSERT INTO `bidong`.`seller review write by` (`Write Date`,`Article ID`,`Customer ID`) VALUES ('2019-01-23',000000000000009,000000000000009);
INSERT INTO `bidong`.`seller review write by` (`Write Date`,`Article ID`,`Customer ID`) VALUES ('2019-01-28',000000000000010,000000000000010);

INSERT INTO `bidong`.`warehouse has item` (`Item ID`, `Warehouse ID`, `Quantity`) VALUES ('000000000000001', '11111', '99');
INSERT INTO `bidong`.`warehouse has item` (`Item ID`, `Warehouse ID`, `Quantity`) VALUES ('000000000000002', '11111', '200');
INSERT INTO `bidong`.`warehouse has item` (`Item ID`, `Warehouse ID`, `Quantity`) VALUES ('000000000000003', '11111', '500');
INSERT INTO `bidong`.`warehouse has item` (`Item ID`, `Warehouse ID`, `Quantity`) VALUES ('000000000000004', '11111', '400');
INSERT INTO `bidong`.`warehouse has item` (`Item ID`, `Warehouse ID`, `Quantity`) VALUES ('000000000000005', '11111', '500');
INSERT INTO `bidong`.`warehouse has item` (`Item ID`, `Warehouse ID`, `Quantity`) VALUES ('000000000000006', '11111', '500');
INSERT INTO `bidong`.`warehouse has item` (`Item ID`, `Warehouse ID`, `Quantity`) VALUES ('000000000000007', '11111', '99');
INSERT INTO `bidong`.`warehouse has item` (`Item ID`, `Warehouse ID`, `Quantity`) VALUES ('000000000000008', '11111', '99');
INSERT INTO `bidong`.`warehouse has item` (`Item ID`, `Warehouse ID`, `Quantity`) VALUES ('000000000000009', '11111', '200');
INSERT INTO `bidong`.`warehouse has item` (`Item ID`, `Warehouse ID`, `Quantity`) VALUES ('000000000000010', '11111', '999');
INSERT INTO `bidong`.`warehouse has item` (`Item ID`, `Warehouse ID`, `Quantity`) VALUES ('000000000000011', '11111', '999');
INSERT INTO `bidong`.`warehouse has item` (`Item ID`, `Warehouse ID`, `Quantity`) VALUES ('000000000000012', '11111', '999');
INSERT INTO `bidong`.`warehouse has item` (`Item ID`, `Warehouse ID`, `Quantity`) VALUES ('000000000000013', '11111', '999');
INSERT INTO `bidong`.`warehouse has item` (`Item ID`, `Warehouse ID`, `Quantity`) VALUES ('000000000000014', '11111', '999');
INSERT INTO `bidong`.`warehouse has item` (`Item ID`, `Warehouse ID`, `Quantity`) VALUES ('000000000000015', '11111', '999');

INSERT INTO `bidong`.`seller supplies item` (`Item ID`, `Warehouse ID`, `Seller ID`) VALUES ('000000000000001', '11111', '000000000000012');
INSERT INTO `bidong`.`seller supplies item` (`Item ID`, `Warehouse ID`, `Seller ID`) VALUES ('000000000000002', '11111', '000000000000012');
INSERT INTO `bidong`.`seller supplies item` (`Item ID`, `Warehouse ID`, `Seller ID`) VALUES ('000000000000003', '11111', '000000000000016');
INSERT INTO `bidong`.`seller supplies item` (`Item ID`, `Warehouse ID`, `Seller ID`) VALUES ('000000000000004', '11111', '000000000000014');
INSERT INTO `bidong`.`seller supplies item` (`Item ID`, `Warehouse ID`, `Seller ID`) VALUES ('000000000000005', '11111', '000000000000015');
INSERT INTO `bidong`.`seller supplies item` (`Item ID`, `Warehouse ID`, `Seller ID`) VALUES ('000000000000006', '11111', '000000000000017');
INSERT INTO `bidong`.`seller supplies item` (`Item ID`, `Warehouse ID`, `Seller ID`) VALUES ('000000000000007', '11111', '000000000000018');
INSERT INTO `bidong`.`seller supplies item` (`Item ID`, `Warehouse ID`, `Seller ID`) VALUES ('000000000000008', '11111', '000000000000020');
INSERT INTO `bidong`.`seller supplies item` (`Item ID`, `Warehouse ID`, `Seller ID`) VALUES ('000000000000009', '11111', '000000000000019');
INSERT INTO `bidong`.`seller supplies item` (`Item ID`, `Warehouse ID`, `Seller ID`) VALUES ('000000000000010', '11111', '000000000000011');
INSERT INTO `bidong`.`seller supplies item` (`Item ID`, `Warehouse ID`, `Seller ID`) VALUES ('000000000000011', '11111', '000000000000011');
INSERT INTO `bidong`.`seller supplies item` (`Item ID`, `Warehouse ID`, `Seller ID`) VALUES ('000000000000012', '11111', '000000000000011');
INSERT INTO `bidong`.`seller supplies item` (`Item ID`, `Warehouse ID`, `Seller ID`) VALUES ('000000000000013', '11111', '000000000000012');
INSERT INTO `bidong`.`seller supplies item` (`Item ID`, `Warehouse ID`, `Seller ID`) VALUES ('000000000000014', '11111', '000000000000013');
INSERT INTO `bidong`.`seller supplies item` (`Item ID`, `Warehouse ID`, `Seller ID`) VALUES ('000000000000015', '11111', '000000000000014');

INSERT INTO `bidong`.`Item has review` (`Article ID`,`Item ID`) VALUES (000000000000004,000000000000002);
INSERT INTO `bidong`.`Item has review` (`Article ID`,`Item ID`) VALUES (000000000000009,000000000000002);
INSERT INTO `bidong`.`Item has review` (`Article ID`,`Item ID`) VALUES (000000000000006,000000000000003);
INSERT INTO `bidong`.`Item has review` (`Article ID`,`Item ID`) VALUES (000000000000003,000000000000004);
INSERT INTO `bidong`.`Item has review` (`Article ID`,`Item ID`) VALUES (000000000000010,000000000000005);
INSERT INTO `bidong`.`Item has review` (`Article ID`,`Item ID`) VALUES (000000000000007,000000000000007);
INSERT INTO `bidong`.`Item has review` (`Article ID`,`Item ID`) VALUES (000000000000008,000000000000007);
INSERT INTO `bidong`.`Item has review` (`Article ID`,`Item ID`) VALUES (000000000000005,000000000000008);
INSERT INTO `bidong`.`Item has review` (`Article ID`,`Item ID`) VALUES (000000000000001,000000000000010);
INSERT INTO `bidong`.`Item has review` (`Article ID`,`Item ID`) VALUES (000000000000002,000000000000010);

INSERT INTO `bidong`.`Seller has review` (`Article ID`, `Seller ID`) VALUES ('000000000000001', '000000000000011');
INSERT INTO `bidong`.`Seller has review` (`Article ID`, `Seller ID`) VALUES ('000000000000002', '000000000000011');
INSERT INTO `bidong`.`Seller has review` (`Article ID`, `Seller ID`) VALUES ('000000000000003', '000000000000012');
INSERT INTO `bidong`.`Seller has review` (`Article ID`, `Seller ID`) VALUES ('000000000000004', '000000000000013');
INSERT INTO `bidong`.`Seller has review` (`Article ID`, `Seller ID`) VALUES ('000000000000005', '000000000000014');
INSERT INTO `bidong`.`Seller has review` (`Article ID`, `Seller ID`) VALUES ('000000000000006', '000000000000016');
INSERT INTO `bidong`.`Seller has review` (`Article ID`, `Seller ID`) VALUES ('000000000000007', '000000000000016');
INSERT INTO `bidong`.`Seller has review` (`Article ID`, `Seller ID`) VALUES ('000000000000008', '000000000000017');
INSERT INTO `bidong`.`Seller has review` (`Article ID`, `Seller ID`) VALUES ('000000000000009', '000000000000018');
INSERT INTO `bidong`.`Seller has review` (`Article ID`, `Seller ID`) VALUES ('000000000000010', '000000000000019');

INSERT INTO `bidong`.`order contains item` (`Order ID`, `Item ID`, `quantity`) VALUES ('000000000000001', '000000000000007', '1');
INSERT INTO `bidong`.`order contains item` (`Order ID`, `Item ID`, `quantity`) VALUES ('000000000000001', '000000000000003', '2');
INSERT INTO `bidong`.`order contains item` (`Order ID`, `Item ID`, `quantity`) VALUES ('000000000000001', '000000000000004', '1');
INSERT INTO `bidong`.`order contains item` (`Order ID`, `Item ID`, `quantity`) VALUES ('000000000000002', '000000000000009', '1');
INSERT INTO `bidong`.`order contains item` (`Order ID`, `Item ID`, `quantity`) VALUES ('000000000000003', '000000000000005', '1');
INSERT INTO `bidong`.`order contains item` (`Order ID`, `Item ID`, `quantity`) VALUES ('000000000000004', '000000000000004', '1');
INSERT INTO `bidong`.`order contains item` (`Order ID`, `Item ID`, `quantity`) VALUES ('000000000000005', '000000000000007', '1');
INSERT INTO `bidong`.`order contains item` (`Order ID`, `Item ID`, `quantity`) VALUES ('000000000000005', '000000000000001', '1');
INSERT INTO `bidong`.`order contains item` (`Order ID`, `Item ID`, `quantity`) VALUES ('000000000000006', '000000000000002', '1');
INSERT INTO `bidong`.`order contains item` (`Order ID`, `Item ID`, `quantity`) VALUES ('000000000000007', '000000000000010', '1');
INSERT INTO `bidong`.`order contains item` (`Order ID`, `Item ID`, `quantity`) VALUES ('000000000000008', '000000000000008', '2');
INSERT INTO `bidong`.`order contains item` (`Order ID`, `Item ID`, `quantity`) VALUES ('000000000000009', '000000000000004', '1');
INSERT INTO `bidong`.`order contains item` (`Order ID`, `Item ID`, `quantity`) VALUES ('000000000000010', '000000000000005', '1');
INSERT INTO `bidong`.`order contains item` (`Order ID`, `Item ID`, `quantity`) VALUES ('000000000000010', '000000000000008', '1');
